AuthorID,Author,Date,Content,Attachments,Reactions
"1463070403886059571","GGAIZ#7546","2026-02-16T19:21:32.3000000-05:00","GGAIZ Bot has started","",""
"1463070403886059571","GGAIZ#7546","2026-02-16T19:21:32.5620000-05:00","GGAIZ Bot started scanning","",""
"1463070403886059571","GGAIZ#7546","2026-02-16T23:41:47.3090000-05:00","GGAIZ Bot has started","",""
"1463070403886059571","GGAIZ#7546","2026-02-16T23:41:47.5080000-05:00","GGAIZ Bot started scanning","",""
"1463070403886059571","GGAIZ#7546","2026-02-16T23:52:04.9280000-05:00","GGAIZ Bot has started","",""
"1463070403886059571","GGAIZ#7546","2026-02-16T23:52:05.0550000-05:00","GGAIZ Bot started scanning","",""
"414338408320860183","generalgonzo","2026-02-16T23:57:59.1570000-05:00","!test_futures","",""
"1463070403886059571","GGAIZ#7546","2026-02-17T00:04:53.7320000-05:00","GGAIZ Bot has started","",""
"1463070403886059571","GGAIZ#7546","2026-02-17T00:04:54.0860000-05:00","GGAIZ Bot started scanning","",""
"414338408320860183","generalgonzo","2026-02-17T00:05:07.4360000-05:00","!test_futures","",""
"1463070403886059571","GGAIZ#7546","2026-02-17T00:05:07.6900000-05:00","❌ Could not fetch NQ data","",""
"1463070403886059571","GGAIZ#7546","2026-02-17T00:09:18.6150000-05:00","GGAIZ Bot has started","",""
"1463070403886059571","GGAIZ#7546","2026-02-17T00:09:18.7810000-05:00","GGAIZ Bot started scanning","",""
"1463070403886059571","GGAIZ#7546","2026-02-17T00:16:36.8910000-05:00","GGAIZ Bot has started","",""
"1463070403886059571","GGAIZ#7546","2026-02-17T00:16:37.1260000-05:00","GGAIZ Bot started scanning","",""
"414338408320860183","generalgonzo","2026-02-17T00:16:59.8850000-05:00","!test_futures","",""
"1463070403886059571","GGAIZ#7546","2026-02-17T00:17:00.1250000-05:00","❌ Could not fetch NQ data","",""
"1463070403886059571","GGAIZ#7546","2026-02-17T04:36:57.2520000-05:00","GGAIZ Bot has started","",""
"1463070403886059571","GGAIZ#7546","2026-02-17T04:36:57.4060000-05:00","GGAIZ Bot started scanning","",""
"1463070403886059571","GGAIZ#7546","2026-02-17T09:01:57.1910000-05:00","C8 scan started: Monitoring for TTM Squeeze + VP + HMA confluences.","",""
"1463070403886059571","GGAIZ#7546","2026-02-18T08:43:44.0430000-05:00","GGAIZ Bot has started","",""
"1463070403886059571","GGAIZ#7546","2026-02-18T08:43:44.2050000-05:00","GGAIZ Bot started scanning","",""
"1463070403886059571","GGAIZ#7546","2026-02-18T09:31:00.7120000-05:00","","",""
"1463070403886059571","GGAIZ#7546","2026-02-18T09:31:02.0940000-05:00","","",""
"1463070403886059571","GGAIZ#7546","2026-02-18T09:31:44.9060000-05:00","","",""
"1463070403886059571","GGAIZ#7546","2026-02-18T09:35:44.7390000-05:00","","",""
"1463070403886059571","GGAIZ#7546","2026-02-18T11:35:44.7160000-05:00","","",""
"1463070403886059571","GGAIZ#7546","2026-02-18T11:41:44.8140000-05:00","","",""
"1463070403886059571","GGAIZ#7546","2026-02-18T12:07:00.4190000-05:00","","",""
"1463070403886059571","GGAIZ#7546","2026-02-18T12:09:00.2070000-05:00","","",""
"1463070403886059571","GGAIZ#7546","2026-02-18T12:11:44.5960000-05:00","","",""
"1463070403886059571","GGAIZ#7546","2026-02-18T13:37:44.8390000-05:00","","",""
"1463070403886059571","GGAIZ#7546","2026-02-18T13:44:59.8080000-05:00","","",""
"1463070403886059571","GGAIZ#7546","2026-02-18T14:43:44.4190000-05:00","","",""
"1463070403886059571","GGAIZ#7546","2026-02-18T14:51:44.6580000-05:00","","",""
"1463070403886059571","GGAIZ#7546","2026-02-18T15:49:44.6150000-05:00","","",""
"1463070403886059571","GGAIZ#7546","2026-02-19T00:13:44.8990000-05:00","@GGAIZ's Alerts","",""
"1463070403886059571","GGAIZ#7546","2026-02-19T02:20:24.8720000-05:00","GGAIZ Bot has started","",""
"1463070403886059571","GGAIZ#7546","2026-02-19T02:20:25.0220000-05:00","GGAIZ Bot started scanning","",""
"1463070403886059571","GGAIZ#7546","2026-02-19T09:30:25.9920000-05:00","@GGAIZ's Alerts","",""
"1463070403886059571","GGAIZ#7546","2026-02-19T10:24:25.6390000-05:00","@GGAIZ's Alerts","",""
"1463070403886059571","GGAIZ#7546","2026-02-19T11:32:25.4030000-05:00","@GGAIZ's Alerts","",""
"1463070403886059571","GGAIZ#7546","2026-02-19T12:40:25.4650000-05:00","@GGAIZ's Alerts","",""
"1463070403886059571","GGAIZ#7546","2026-02-19T17:00:24.8850000-05:00","GGAIZ Bot stopped scanning","",""
"1463070403886059571","GGAIZ#7546","2026-02-19T17:00:24.9330000-05:00","GGAIZ Bot has stopped","",""
"1463070403886059571","GGAIZ#7546","2026-02-19T18:00:24.8630000-05:00","GGAIZ Bot has started","",""
"1463070403886059571","GGAIZ#7546","2026-02-19T18:00:25.0420000-05:00","GGAIZ Bot started scanning","",""
"1463070403886059571","GGAIZ#7546","2026-02-20T09:40:25.5610000-05:00","@GGAIZ's Alerts","",""
"1463070403886059571","GGAIZ#7546","2026-02-20T09:42:25.8610000-05:00","@GGAIZ's Alerts","",""
"1463070403886059571","GGAIZ#7546","2026-02-20T11:46:25.9180000-05:00","@GGAIZ's Alerts","",""
"1463070403886059571","GGAIZ#7546","2026-02-20T12:40:53.7520000-05:00","@GGAIZ's Alerts","",""
"1463070403886059571","GGAIZ#7546","2026-02-20T14:06:25.6660000-05:00","@GGAIZ's Alerts","",""
"1463070403886059571","GGAIZ#7546","2026-02-20T14:42:25.8670000-05:00","@GGAIZ's Alerts","",""
"1463070403886059571","GGAIZ#7546","2026-02-22T19:20:42.1930000-05:00","GGAIZ Bot has started","",""
"1463070403886059571","GGAIZ#7546","2026-02-22T19:20:42.2570000-05:00","GGAIZ Bot started scanning","",""
"1463070403886059571","GGAIZ#7546","2026-02-23T10:27:33.6490000-05:00","GGAIZ Bot has started","",""
"1463070403886059571","GGAIZ#7546","2026-02-23T10:27:33.7440000-05:00","GGAIZ Bot started scanning","",""
"1463070403886059571","GGAIZ#7546","2026-02-23T11:23:20.5690000-05:00","GGAIZ Bot has started","",""
"1463070403886059571","GGAIZ#7546","2026-02-23T11:23:20.8610000-05:00","GGAIZ Bot started scanning","",""
"1463070403886059571","GGAIZ#7546","2026-02-23T11:30:33.2970000-05:00","GGAIZ Bot has started","",""
"1463070403886059571","GGAIZ#7546","2026-02-23T11:30:33.4520000-05:00","GGAIZ Bot started scanning","",""
"1463070403886059571","GGAIZ#7546","2026-02-23T14:08:33.9720000-05:00","@GGAIZ's Alerts","",""
"1463070403886059571","GGAIZ#7546","2026-02-23T14:28:34.7610000-05:00","@GGAIZ's Alerts","",""
"1463070403886059571","GGAIZ#7546","2026-02-23T17:00:33.4100000-05:00","GGAIZ Bot stopped scanning","",""
"1463070403886059571","GGAIZ#7546","2026-02-23T17:00:33.6180000-05:00","GGAIZ Bot has stopped","",""
"1463070403886059571","GGAIZ#7546","2026-02-23T18:00:33.3020000-05:00","GGAIZ Bot has started","",""
"1463070403886059571","GGAIZ#7546","2026-02-23T18:00:33.5900000-05:00","GGAIZ Bot started scanning","",""
"1463070403886059571","GGAIZ#7546","2026-02-24T09:46:11.6730000-05:00","GGAIZ Bot has started","",""
"1463070403886059571","GGAIZ#7546","2026-02-24T09:46:12.0390000-05:00","GGAIZ Bot started scanning","",""
"1463070403886059571","GGAIZ#7546","2026-02-24T09:51:45.2770000-05:00","GGAIZ Bot has started","",""
"1463070403886059571","GGAIZ#7546","2026-02-24T09:51:45.7560000-05:00","GGAIZ Bot started scanning","",""
"1463070403886059571","GGAIZ#7546","2026-02-24T09:51:54.2870000-05:00","@GGAIZ's Alerts","",""
"1463070403886059571","GGAIZ#7546","2026-02-24T10:02:27.6130000-05:00","GGAIZ Bot has started","",""
"1463070403886059571","GGAIZ#7546","2026-02-24T10:02:29.3420000-05:00","GGAIZ Bot started scanning","",""
"1463070403886059571","GGAIZ#7546","2026-02-24T10:06:34.2640000-05:00","@GGAIZ's Alerts","",""
"1463070403886059571","GGAIZ#7546","2026-02-24T10:24:32.9660000-05:00","@GGAIZ's Alerts","",""
"1463070403886059571","GGAIZ#7546","2026-02-24T10:26:33.0720000-05:00","@GGAIZ's Alerts","",""
"1463070403886059571","GGAIZ#7546","2026-02-24T10:38:33.7580000-05:00","@GGAIZ's Alerts","",""
"1463070403886059571","GGAIZ#7546","2026-02-24T11:00:28.7410000-05:00","@GGAIZ's Alerts","",""
"1463070403886059571","GGAIZ#7546","2026-02-24T11:20:29.6340000-05:00","@GGAIZ's Alerts","",""
"1463070403886059571","GGAIZ#7546","2026-02-24T12:00:28.7040000-05:00","@GGAIZ's Alerts","",""
"1463070403886059571","GGAIZ#7546","2026-02-24T12:02:28.9390000-05:00","@GGAIZ's Alerts","",""
"1463070403886059571","GGAIZ#7546","2026-02-24T12:04:28.5950000-05:00","@GGAIZ's Alerts","",""
"1463070403886059571","GGAIZ#7546","2026-02-24T12:14:38.4700000-05:00","@GGAIZ's Alerts","",""
"1463070403886059571","GGAIZ#7546","2026-02-24T12:16:33.5300000-05:00","@GGAIZ's Alerts","",""
"1463070403886059571","GGAIZ#7546","2026-02-24T12:44:28.6740000-05:00","@GGAIZ's Alerts","",""
"1463070403886059571","GGAIZ#7546","2026-02-24T12:44:34.2430000-05:00","@GGAIZ's Alerts","",""
"1463070403886059571","GGAIZ#7546","2026-02-24T12:46:28.5030000-05:00","@GGAIZ's Alerts","",""
"1463070403886059571","GGAIZ#7546","2026-02-24T12:46:33.5350000-05:00","@GGAIZ's Alerts","",""
"1463070403886059571","GGAIZ#7546","2026-02-24T12:58:28.4660000-05:00","@GGAIZ's Alerts","",""
"1463070403886059571","GGAIZ#7546","2026-02-24T13:00:28.1700000-05:00","@GGAIZ's Alerts","",""
"1463070403886059571","GGAIZ#7546","2026-02-24T13:06:28.5700000-05:00","@GGAIZ's Alerts","",""
"1463070403886059571","GGAIZ#7546","2026-02-24T13:08:28.8080000-05:00","@GGAIZ's Alerts","",""
"1463070403886059571","GGAIZ#7546","2026-02-24T13:50:30.6230000-05:00","@GGAIZ's Alerts","",""
"1463070403886059571","GGAIZ#7546","2026-02-24T14:08:28.5000000-05:00","@GGAIZ's Alerts","",""
"1463070403886059571","GGAIZ#7546","2026-02-24T14:46:33.2950000-05:00","@GGAIZ's Alerts","",""
"1463070403886059571","GGAIZ#7546","2026-02-24T14:50:29.0500000-05:00","@GGAIZ's Alerts","",""
"1463070403886059571","GGAIZ#7546","2026-02-24T14:56:33.4150000-05:00","@GGAIZ's Alerts","",""
"1463070403886059571","GGAIZ#7546","2026-02-24T15:56:33.2100000-05:00","@GGAIZ's Alerts","",""
"1463070403886059571","GGAIZ#7546","2026-02-24T17:00:27.6250000-05:00","GGAIZ Bot stopped scanning","",""
"1463070403886059571","GGAIZ#7546","2026-02-24T17:00:27.8630000-05:00","GGAIZ Bot has stopped","",""
"1463070403886059571","GGAIZ#7546","2026-02-24T18:00:27.5610000-05:00","GGAIZ Bot has started","",""
"1463070403886059571","GGAIZ#7546","2026-02-24T18:00:27.8410000-05:00","GGAIZ Bot started scanning","",""
"1463070403886059571","GGAIZ#7546","2026-02-25T09:30:48.7230000-05:00","@GGAIZ's Alerts","",""
"1463070403886059571","GGAIZ#7546","2026-02-25T17:00:46.9470000-05:00","GGAIZ Bot stopped scanning","",""
"1463070403886059571","GGAIZ#7546","2026-02-25T17:00:47.1470000-05:00","GGAIZ Bot has stopped","",""
"1463070403886059571","GGAIZ#7546","2026-02-26T09:49:39.7760000-05:00","GGAIZ Bot has started","",""
"1463070403886059571","GGAIZ#7546","2026-02-26T09:49:40.0130000-05:00","GGAIZ Bot started scanning","",""
"1463070403886059571","GGAIZ#7546","2026-02-26T09:55:52.5580000-05:00","@GGAIZ's Alerts","",""
"1463070403886059571","GGAIZ#7546","2026-02-26T10:14:13.7860000-05:00","GGAIZ Bot has started","",""
"1463070403886059571","GGAIZ#7546","2026-02-26T10:14:13.9170000-05:00","GGAIZ Bot started scanning","",""
"1463070403886059571","GGAIZ#7546","2026-02-26T10:28:25.1880000-05:00","@GGAIZ's Alerts","",""
"1463070403886059571","GGAIZ#7546","2026-02-26T10:56:20.5810000-05:00","@GGAIZ's Alerts","",""
"1463070403886059571","GGAIZ#7546","2026-02-26T11:00:14.5460000-05:00","@GGAIZ's Alerts","",""
"1463070403886059571","GGAIZ#7546","2026-02-26T12:28:25.4250000-05:00","@GGAIZ's Alerts","",""
"1463070403886059571","GGAIZ#7546","2026-02-26T12:28:30.5030000-05:00","@GGAIZ's Alerts","",""
"1463070403886059571","GGAIZ#7546","2026-02-26T13:16:25.4300000-05:00","@GGAIZ's Alerts","",""
"1463070403886059571","GGAIZ#7546","2026-02-26T13:22:55.0640000-05:00","GGAIZ Bot has started","",""
"1463070403886059571","GGAIZ#7546","2026-02-26T13:22:55.2330000-05:00","GGAIZ Bot started scanning","",""
"1463070403886059571","GGAIZ#7546","2026-02-26T13:24:27.2450000-05:00","GGAIZ Bot has started","",""
"1463070403886059571","GGAIZ#7546","2026-02-26T13:24:28.8060000-05:00","GGAIZ Bot started scanning","",""
"1463070403886059571","GGAIZ#7546","2026-02-26T15:24:32.7650000-05:00","@GGAIZ's Alerts","",""
"1463070403886059571","GGAIZ#7546","2026-02-26T15:24:38.5970000-05:00","@GGAIZ's Alerts","",""
"1463070403886059571","GGAIZ#7546","2026-02-26T17:00:27.2500000-05:00","GGAIZ Bot stopped scanning","",""
"1463070403886059571","GGAIZ#7546","2026-02-26T17:00:27.3470000-05:00","GGAIZ Bot has stopped","",""
"1463070403886059571","GGAIZ#7546","2026-02-26T18:00:27.3860000-05:00","GGAIZ Bot has started","",""
"1463070403886059571","GGAIZ#7546","2026-02-26T18:00:27.7680000-05:00","GGAIZ Bot started scanning","",""
"1463070403886059571","GGAIZ#7546","2026-02-27T09:50:59.1650000-05:00","@GGAIZ's Alerts","",""
"1463070403886059571","GGAIZ#7546","2026-02-27T09:50:59.9440000-05:00","@GGAIZ's Alerts","",""
"1463070403886059571","GGAIZ#7546","2026-02-27T11:04:34.2720000-05:00","@GGAIZ's Alerts","",""
"1463070403886059571","GGAIZ#7546","2026-02-27T11:18:34.0740000-05:00","@GGAIZ's Alerts","",""
"1463070403886059571","GGAIZ#7546","2026-02-27T12:56:37.8760000-05:00","@GGAIZ's Alerts","",""
"1463070403886059571","GGAIZ#7546","2026-02-27T13:08:33.6180000-05:00","@GGAIZ's Alerts","",""
"1463070403886059571","GGAIZ#7546","2026-02-27T14:04:37.7600000-05:00","@GGAIZ's Alerts","",""
"1463070403886059571","GGAIZ#7546","2026-02-27T14:24:33.0220000-05:00","@GGAIZ's Alerts","",""
"1463070403886059571","GGAIZ#7546","2026-02-27T14:58:32.6400000-05:00","@GGAIZ's Alerts","",""
"1463070403886059571","GGAIZ#7546","2026-02-27T17:00:27.4310000-05:00","GGAIZ Bot stopped scanning","",""
"1463070403886059571","GGAIZ#7546","2026-02-27T17:00:27.7330000-05:00","GGAIZ Bot has stopped","",""
"1463070403886059571","GGAIZ#7546","2026-03-01T18:00:27.2560000-05:00","GGAIZ Bot has started","",""
"1463070403886059571","GGAIZ#7546","2026-03-01T18:00:27.5390000-05:00","GGAIZ Bot started scanning","",""
"1463070403886059571","GGAIZ#7546","2026-03-02T09:30:28.2510000-05:00","@GGAIZ's Alerts","",""
"1463070403886059571","GGAIZ#7546","2026-03-02T09:30:29.1710000-05:00","@GGAIZ's Alerts","",""
"1463070403886059571","GGAIZ#7546","2026-03-02T09:30:30.7840000-05:00","@GGAIZ's Alerts","",""
"1463070403886059571","GGAIZ#7546","2026-03-02T09:30:31.7700000-05:00","@GGAIZ's Alerts","",""
"1463070403886059571","GGAIZ#7546","2026-03-02T09:44:31.9710000-05:00","GGAIZ Bot has started","",""
"1463070403886059571","GGAIZ#7546","2026-03-02T09:44:32.1440000-05:00","GGAIZ Bot started scanning","",""
"1463070403886059571","GGAIZ#7546","2026-03-02T14:34:42.7880000-05:00","@GGAIZ's Alerts","",""
"1463070403886059571","GGAIZ#7546","2026-03-02T14:44:38.5730000-05:00","@GGAIZ's Alerts","",""
"1463070403886059571","GGAIZ#7546","2026-03-02T15:09:37.2760000-05:00","@GGAIZ's Alerts","",""
"1463070403886059571","GGAIZ#7546","2026-03-02T17:00:31.9800000-05:00","GGAIZ Bot stopped scanning","",""
"1463070403886059571","GGAIZ#7546","2026-03-02T17:00:32.1600000-05:00","GGAIZ Bot has stopped","",""
"1463070403886059571","GGAIZ#7546","2026-03-02T18:00:32.0160000-05:00","GGAIZ Bot has started","",""
"1463070403886059571","GGAIZ#7546","2026-03-02T18:00:32.2190000-05:00","GGAIZ Bot started scanning","",""
"1463070403886059571","GGAIZ#7546","2026-03-03T10:00:33.8610000-05:00","@GGAIZ's Alerts","",""
"1463070403886059571","GGAIZ#7546","2026-03-03T10:50:34.8300000-05:00","@GGAIZ's Alerts","",""
"1463070403886059571","GGAIZ#7546","2026-03-03T11:45:34.1690000-05:00","@GGAIZ's Alerts","",""
"1463070403886059571","GGAIZ#7546","2026-03-03T11:45:34.7690000-05:00","@GGAIZ's Alerts","",""
"1463070403886059571","GGAIZ#7546","2026-03-03T14:45:37.0630000-05:00","@GGAIZ's Alerts","",""
"1463070403886059571","GGAIZ#7546","2026-03-03T14:50:33.4490000-05:00","@GGAIZ's Alerts","",""
"1463070403886059571","GGAIZ#7546","2026-03-03T17:00:32.0260000-05:00","GGAIZ Bot stopped scanning","",""
"1463070403886059571","GGAIZ#7546","2026-03-03T17:00:32.1630000-05:00","GGAIZ Bot has stopped","",""
"1463070403886059571","GGAIZ#7546","2026-03-03T18:00:32.0110000-05:00","GGAIZ Bot has started","",""
"1463070403886059571","GGAIZ#7546","2026-03-03T18:00:32.1580000-05:00","GGAIZ Bot started scanning","",""
"1463070403886059571","GGAIZ#7546","2026-03-04T03:58:53.8470000-05:00","GGAIZ Bot has started","",""
"1463070403886059571","GGAIZ#7546","2026-03-04T03:58:54.1390000-05:00","GGAIZ Bot started scanning","",""
"1463070403886059571","GGAIZ#7546","2026-03-04T09:33:54.6290000-05:00","@GGAIZ's Alerts","",""
"1463070403886059571","GGAIZ#7546","2026-03-04T09:34:00.8710000-05:00","@GGAIZ's Alerts","",""
"1463070403886059571","GGAIZ#7546","2026-03-04T09:38:54.5680000-05:00","@GGAIZ's Alerts","",""
"1463070403886059571","GGAIZ#7546","2026-03-04T09:39:00.7330000-05:00","@GGAIZ's Alerts","",""
"1463070403886059571","GGAIZ#7546","2026-03-04T09:43:54.4680000-05:00","@GGAIZ's Alerts","",""
"1463070403886059571","GGAIZ#7546","2026-03-04T09:48:54.6510000-05:00","@GGAIZ's Alerts","",""
"1463070403886059571","GGAIZ#7546","2026-03-04T09:53:54.9130000-05:00","@GGAIZ's Alerts","",""
"1463070403886059571","GGAIZ#7546","2026-03-04T09:54:00.2350000-05:00","@GGAIZ's Alerts","",""
"1463070403886059571","GGAIZ#7546","2026-03-04T09:58:54.7170000-05:00","@GGAIZ's Alerts","",""
"1463070403886059571","GGAIZ#7546","2026-03-04T10:18:54.5740000-05:00","@GGAIZ's Alerts","",""
"1463070403886059571","GGAIZ#7546","2026-03-04T10:18:59.2180000-05:00","@GGAIZ's Alerts","",""
"1463070403886059571","GGAIZ#7546","2026-03-04T10:28:54.7740000-05:00","@GGAIZ's Alerts","",""
"1463070403886059571","GGAIZ#7546","2026-03-04T11:08:54.4910000-05:00","@GGAIZ's Alerts","",""
"1463070403886059571","GGAIZ#7546","2026-03-04T11:18:54.8350000-05:00","@GGAIZ's Alerts","",""
"1463070403886059571","GGAIZ#7546","2026-03-04T11:23:54.7650000-05:00","@GGAIZ's Alerts","",""
"1463070403886059571","GGAIZ#7546","2026-03-04T11:24:00.1800000-05:00","@GGAIZ's Alerts","",""
"1463070403886059571","GGAIZ#7546","2026-03-04T11:28:54.6640000-05:00","@GGAIZ's Alerts","",""
"1463070403886059571","GGAIZ#7546","2026-03-04T11:43:54.7990000-05:00","@GGAIZ's Alerts","",""
"1463070403886059571","GGAIZ#7546","2026-03-04T11:48:54.6990000-05:00","@GGAIZ's Alerts","",""
"1463070403886059571","GGAIZ#7546","2026-03-04T12:08:59.2680000-05:00","@GGAIZ's Alerts","",""
"1463070403886059571","GGAIZ#7546","2026-03-04T12:53:55.0890000-05:00","@GGAIZ's Alerts","",""
"1463070403886059571","GGAIZ#7546","2026-03-04T12:58:54.6520000-05:00","@GGAIZ's Alerts","",""
"1463070403886059571","GGAIZ#7546","2026-03-04T12:58:55.1960000-05:00","@GGAIZ's Alerts","",""
"1463070403886059571","GGAIZ#7546","2026-03-04T13:08:54.6140000-05:00","@GGAIZ's Alerts","",""
"1463070403886059571","GGAIZ#7546","2026-03-04T13:13:54.6600000-05:00","@GGAIZ's Alerts","",""
"1463070403886059571","GGAIZ#7546","2026-03-04T13:28:55.3910000-05:00","@GGAIZ's Alerts","",""
"1463070403886059571","GGAIZ#7546","2026-03-04T13:48:54.4860000-05:00","@GGAIZ's Alerts","",""
"1463070403886059571","GGAIZ#7546","2026-03-04T13:53:54.6400000-05:00","@GGAIZ's Alerts","",""
"1463070403886059571","GGAIZ#7546","2026-03-04T13:58:54.4570000-05:00","@GGAIZ's Alerts","",""
"1463070403886059571","GGAIZ#7546","2026-03-04T14:13:54.8340000-05:00","@GGAIZ's Alerts","",""
"1463070403886059571","GGAIZ#7546","2026-03-04T14:18:54.5970000-05:00","@GGAIZ's Alerts","",""
"1463070403886059571","GGAIZ#7546","2026-03-04T14:38:54.6420000-05:00","@GGAIZ's Alerts","",""
"1463070403886059571","GGAIZ#7546","2026-03-04T14:43:54.5770000-05:00","@GGAIZ's Alerts","",""
"1463070403886059571","GGAIZ#7546","2026-03-04T15:08:54.7160000-05:00","@GGAIZ's Alerts","",""
"1463070403886059571","GGAIZ#7546","2026-03-04T15:13:54.8590000-05:00","@GGAIZ's Alerts","",""
"1463070403886059571","GGAIZ#7546","2026-03-04T15:18:54.6790000-05:00","@GGAIZ's Alerts","",""
"1463070403886059571","GGAIZ#7546","2026-03-04T15:23:54.4090000-05:00","@GGAIZ's Alerts","",""
"1463070403886059571","GGAIZ#7546","2026-03-04T15:28:54.5600000-05:00","@GGAIZ's Alerts","",""
"1463070403886059571","GGAIZ#7546","2026-03-04T15:28:55.3770000-05:00","@GGAIZ's Alerts","",""
"1463070403886059571","GGAIZ#7546","2026-03-04T15:43:54.5290000-05:00","@GGAIZ's Alerts","",""
"1463070403886059571","GGAIZ#7546","2026-03-04T15:43:55.3220000-05:00","@GGAIZ's Alerts","",""
"1463070403886059571","GGAIZ#7546","2026-03-04T15:48:54.5420000-05:00","@GGAIZ's Alerts","",""
"1463070403886059571","GGAIZ#7546","2026-03-04T15:48:59.3870000-05:00","@GGAIZ's Alerts","",""
"1463070403886059571","GGAIZ#7546","2026-03-04T15:53:55.1180000-05:00","@GGAIZ's Alerts","",""
"1463070403886059571","GGAIZ#7546","2026-03-04T15:58:55.2700000-05:00","@GGAIZ's Alerts","",""
"1463070403886059571","GGAIZ#7546","2026-03-05T10:02:56.6400000-05:00","GGAIZ Bot has started","",""
"1463070403886059571","GGAIZ#7546","2026-03-05T10:02:56.8320000-05:00","GGAIZ Bot started scanning","",""
"1463070403886059571","GGAIZ#7546","2026-03-05T10:08:00.0530000-05:00","@GGAIZ's Alerts","",""
"1463070403886059571","GGAIZ#7546","2026-03-05T10:12:16.7890000-05:00","GGAIZ Bot has started","",""
"1463070403886059571","GGAIZ#7546","2026-03-05T10:12:16.9520000-05:00","GGAIZ Bot started scanning","",""
"1463070403886059571","GGAIZ#7546","2026-03-05T10:22:19.8640000-05:00","@GGAIZ's Alerts","",""
"1463070403886059571","GGAIZ#7546","2026-03-05T11:52:27.6260000-05:00","@GGAIZ's Alerts","",""
"1463070403886059571","GGAIZ#7546","2026-03-05T13:32:17.6230000-05:00","@GGAIZ's Alerts","",""
"1463070403886059571","GGAIZ#7546","2026-03-05T14:02:24.9140000-05:00","@GGAIZ's Alerts","",""
"1463070403886059571","GGAIZ#7546","2026-03-05T16:07:24.3820000-05:00","@GGAIZ's Alerts","",""
"1463070403886059571","GGAIZ#7546","2026-03-05T16:15:16.9120000-05:00","GGAIZ Bot stopped scanning","",""
"1463070403886059571","GGAIZ#7546","2026-03-05T16:15:17.4330000-05:00","GGAIZ Bot has stopped","",""
"1463070403886059571","GGAIZ#7546","2026-03-06T09:00:16.8920000-05:00","GGAIZ Bot has started","",""
"1463070403886059571","GGAIZ#7546","2026-03-06T09:00:17.1420000-05:00","GGAIZ Bot started scanning","",""
"1463070403886059571","GGAIZ#7546","2026-03-06T09:55:23.5150000-05:00","@GGAIZ's Alerts","",""
"1463070403886059571","GGAIZ#7546","2026-03-06T10:05:19.4040000-05:00","@GGAIZ's Alerts","",""
"1463070403886059571","GGAIZ#7546","2026-03-06T10:05:26.2440000-05:00","@GGAIZ's Alerts","",""
"1463070403886059571","GGAIZ#7546","2026-03-06T10:45:18.2420000-05:00","@GGAIZ's Alerts","",""
"1463070403886059571","GGAIZ#7546","2026-03-06T11:00:17.3960000-05:00","@GGAIZ's Alerts","",""
"1463070403886059571","GGAIZ#7546","2026-03-06T11:10:17.4920000-05:00","@GGAIZ's Alerts","",""
"1463070403886059571","GGAIZ#7546","2026-03-06T13:55:23.2200000-05:00","@GGAIZ's Alerts","",""
"1463070403886059571","GGAIZ#7546","2026-03-06T14:10:17.6210000-05:00","@GGAIZ's Alerts","",""
"1463070403886059571","GGAIZ#7546","2026-03-06T14:10:18.4400000-05:00","@GGAIZ's Alerts","",""
"1463070403886059571","GGAIZ#7546","2026-03-06T15:00:19.5950000-05:00","@GGAIZ's Alerts","",""
"1463070403886059571","GGAIZ#7546","2026-03-06T15:40:17.6480000-05:00","@GGAIZ's Alerts","",""
"1463070403886059571","GGAIZ#7546","2026-03-06T16:15:17.0510000-05:00","GGAIZ Bot stopped scanning","",""
"1463070403886059571","GGAIZ#7546","2026-03-06T16:15:17.2790000-05:00","GGAIZ Bot has stopped","",""
"1463070403886059571","GGAIZ#7546","2026-03-09T09:40:16.0810000-04:00","GGAIZ Bot has started","",""
"1463070403886059571","GGAIZ#7546","2026-03-09T09:40:16.2210000-04:00","GGAIZ Bot started scanning","",""
"1463070403886059571","GGAIZ#7546","2026-03-09T16:15:16.0640000-04:00","GGAIZ Bot stopped scanning","",""
"1463070403886059571","GGAIZ#7546","2026-03-09T16:15:16.3690000-04:00","GGAIZ Bot has stopped","",""
"1463070403886059571","GGAIZ#7546","2026-03-10T09:00:28.2950000-04:00","GGAIZ Bot has started","",""
"1463070403886059571","GGAIZ#7546","2026-03-10T09:00:28.5230000-04:00","GGAIZ Bot started scanning","",""
"1463070403886059571","GGAIZ#7546","2026-03-10T09:15:34.6260000-04:00","@GGAIZ's Alerts","",""
"1463070403886059571","GGAIZ#7546","2026-03-10T09:40:29.2760000-04:00","@GGAIZ's Alerts","",""
"1463070403886059571","GGAIZ#7546","2026-03-10T09:40:29.7990000-04:00","@GGAIZ's Alerts","",""
"1463070403886059571","GGAIZ#7546","2026-03-10T09:50:28.8060000-04:00","@GGAIZ's Alerts","",""
"1463070403886059571","GGAIZ#7546","2026-03-10T09:50:33.7390000-04:00","@GGAIZ's Alerts","",""
"1463070403886059571","GGAIZ#7546","2026-03-10T09:50:34.2950000-04:00","@GGAIZ's Alerts","",""
"1463070403886059571","GGAIZ#7546","2026-03-10T10:50:29.9050000-04:00","@GGAIZ's Alerts","",""
"1463070403886059571","GGAIZ#7546","2026-03-10T11:20:29.1700000-04:00","@GGAIZ's Alerts","",""
"1463070403886059571","GGAIZ#7546","2026-03-10T11:30:29.6390000-04:00","@GGAIZ's Alerts","",""
"1463070403886059571","GGAIZ#7546","2026-03-10T11:30:30.7830000-04:00","@GGAIZ's Alerts","",""
"1463070403886059571","GGAIZ#7546","2026-03-10T12:15:29.7970000-04:00","@GGAIZ's Alerts","",""
"1463070403886059571","GGAIZ#7546","2026-03-10T12:45:33.9260000-04:00","@GGAIZ's Alerts","",""
"1463070403886059571","GGAIZ#7546","2026-03-10T12:45:34.4300000-04:00","@GGAIZ's Alerts","",""
"1463070403886059571","GGAIZ#7546","2026-03-10T13:20:30.4630000-04:00","@GGAIZ's Alerts","",""
"1463070403886059571","GGAIZ#7546","2026-03-10T13:50:42.5120000-04:00","@GGAIZ's Alerts","",""
"1463070403886059571","GGAIZ#7546","2026-03-10T13:50:57.7530000-04:00","@GGAIZ's Alerts","",""
"1463070403886059571","GGAIZ#7546","2026-03-10T13:51:08.9300000-04:00","@GGAIZ's Alerts","",""
"1463070403886059571","GGAIZ#7546","2026-03-10T16:15:28.3750000-04:00","GGAIZ Bot stopped scanning","",""
"1463070403886059571","GGAIZ#7546","2026-03-10T16:15:28.5140000-04:00","GGAIZ Bot has stopped","",""
"1463070403886059571","GGAIZ#7546","2026-03-11T09:00:24.3020000-04:00","GGAIZ Bot has started","",""
"1463070403886059571","GGAIZ#7546","2026-03-11T09:00:24.5630000-04:00","GGAIZ Bot started scanning","",""
"1463070403886059571","GGAIZ#7546","2026-03-11T10:00:26.9620000-04:00","@GGAIZ's Alerts","",""
"1463070403886059571","GGAIZ#7546","2026-03-11T10:25:48.6710000-04:00","@GGAIZ's Alerts","",""
"1463070403886059571","GGAIZ#7546","2026-03-11T11:40:26.1190000-04:00","@GGAIZ's Alerts","",""
"1463070403886059571","GGAIZ#7546","2026-03-11T12:45:25.3220000-04:00","@GGAIZ's Alerts","",""
"1463070403886059571","GGAIZ#7546","2026-03-11T14:20:27.4250000-04:00","@GGAIZ's Alerts","",""
"1463070403886059571","GGAIZ#7546","2026-03-11T14:20:32.4380000-04:00","@GGAIZ's Alerts","",""
"1463070403886059571","GGAIZ#7546","2026-03-11T16:15:24.5710000-04:00","GGAIZ Bot stopped scanning","",""
"1463070403886059571","GGAIZ#7546","2026-03-11T16:15:25.0260000-04:00","GGAIZ Bot has stopped","",""
"1463070403886059571","GGAIZ#7546","2026-03-12T09:00:54.6780000-04:00","GGAIZ Bot has started","",""
"1463070403886059571","GGAIZ#7546","2026-03-12T09:00:55.0030000-04:00","GGAIZ Bot started scanning","",""
"1463070403886059571","GGAIZ#7546","2026-03-12T09:46:41.3540000-04:00","GGAIZ Bot has started","",""
"1463070403886059571","GGAIZ#7546","2026-03-12T09:46:41.4940000-04:00","GGAIZ Bot started scanning","",""
"1463070403886059571","GGAIZ#7546","2026-03-12T10:41:51.8330000-04:00","@GGAIZ's Alerts","",""
"1463070403886059571","GGAIZ#7546","2026-03-12T11:36:48.0010000-04:00","@GGAIZ's Alerts","",""
"1463070403886059571","GGAIZ#7546","2026-03-12T11:52:05.4430000-04:00","@GGAIZ's Alerts","",""
"1463070403886059571","GGAIZ#7546","2026-03-12T15:36:53.2830000-04:00","@GGAIZ's Alerts","",""
"1463070403886059571","GGAIZ#7546","2026-03-12T16:15:41.6580000-04:00","GGAIZ Bot stopped scanning","",""
"1463070403886059571","GGAIZ#7546","2026-03-12T16:15:41.8210000-04:00","GGAIZ Bot has stopped","",""
"1463070403886059571","GGAIZ#7546","2026-03-13T09:00:41.3330000-04:00","GGAIZ Bot has started","",""
"1463070403886059571","GGAIZ#7546","2026-03-13T09:00:41.7210000-04:00","GGAIZ Bot started scanning","",""
"1463070403886059571","GGAIZ#7546","2026-03-13T09:46:34.0620000-04:00","GGAIZ Bot has started","",""
"1463070403886059571","GGAIZ#7546","2026-03-13T09:46:34.3420000-04:00","GGAIZ Bot started scanning","",""
"1463070403886059571","GGAIZ#7546","2026-03-13T11:06:35.4500000-04:00","@GGAIZ's Alerts","",""
"1463070403886059571","GGAIZ#7546","2026-03-13T13:11:42.2010000-04:00","@GGAIZ's Alerts","",""
"1463070403886059571","GGAIZ#7546","2026-03-13T14:31:47.7100000-04:00","@GGAIZ's Alerts","",""
"1463070403886059571","GGAIZ#7546","2026-03-13T14:46:45.7030000-04:00","@GGAIZ's Alerts","",""
"1463070403886059571","GGAIZ#7546","2026-03-13T15:51:49.9950000-04:00","@GGAIZ's Alerts","",""
"1463070403886059571","GGAIZ#7546","2026-03-13T16:15:34.1490000-04:00","GGAIZ Bot stopped scanning","",""
"1463070403886059571","GGAIZ#7546","2026-03-13T16:15:34.2860000-04:00","GGAIZ Bot has stopped","",""
"1463070403886059571","GGAIZ#7546","2026-03-16T09:00:34.4070000-04:00","GGAIZ Bot has started","",""
"1463070403886059571","GGAIZ#7546","2026-03-16T09:00:34.8000000-04:00","GGAIZ Bot started scanning","",""
"1463070403886059571","GGAIZ#7546","2026-03-16T09:15:39.9670000-04:00","@GGAIZ's Alerts","",""
"1463070403886059571","GGAIZ#7546","2026-03-16T12:35:44.9270000-04:00","@GGAIZ's Alerts","",""
"1463070403886059571","GGAIZ#7546","2026-03-16T13:50:40.6520000-04:00","@GGAIZ's Alerts","",""
"1463070403886059571","GGAIZ#7546","2026-03-16T14:00:35.2590000-04:00","@GGAIZ's Alerts","",""
"1463070403886059571","GGAIZ#7546","2026-03-16T15:10:40.8420000-04:00","@GGAIZ's Alerts","",""
"1463070403886059571","GGAIZ#7546","2026-03-16T15:35:41.7920000-04:00","@GGAIZ's Alerts","",""
"1463070403886059571","GGAIZ#7546","2026-03-16T16:15:34.0340000-04:00","GGAIZ Bot stopped scanning","",""
"1463070403886059571","GGAIZ#7546","2026-03-16T16:15:34.3560000-04:00","GGAIZ Bot has stopped","",""
"1463070403886059571","GGAIZ#7546","2026-03-17T09:00:34.1590000-04:00","GGAIZ Bot has started","",""
"1463070403886059571","GGAIZ#7546","2026-03-17T09:00:34.2940000-04:00","GGAIZ Bot started scanning","",""
"1463070403886059571","GGAIZ#7546","2026-03-17T10:40:37.1800000-04:00","@GGAIZ's Alerts","",""
"1463070403886059571","GGAIZ#7546","2026-03-17T10:45:40.1120000-04:00","@GGAIZ's Alerts","",""
"1463070403886059571","GGAIZ#7546","2026-03-17T13:00:36.3200000-04:00","@GGAIZ's Alerts","",""
"1463070403886059571","GGAIZ#7546","2026-03-17T13:05:39.3960000-04:00","@GGAIZ's Alerts","",""
"1463070403886059571","GGAIZ#7546","2026-03-17T13:55:40.1230000-04:00","@GGAIZ's Alerts","",""
"1463070403886059571","GGAIZ#7546","2026-03-17T15:00:34.6420000-04:00","@GGAIZ's Alerts","",""
"1463070403886059571","GGAIZ#7546","2026-03-17T15:35:40.5670000-04:00","@GGAIZ's Alerts","",""
"1463070403886059571","GGAIZ#7546","2026-03-17T16:15:34.1460000-04:00","GGAIZ Bot stopped scanning","",""
"1463070403886059571","GGAIZ#7546","2026-03-17T16:15:34.4090000-04:00","GGAIZ Bot has stopped","",""
"1463070403886059571","GGAIZ#7546","2026-03-18T09:00:34.2330000-04:00","GGAIZ Bot has started","",""
"1463070403886059571","GGAIZ#7546","2026-03-18T09:00:34.4920000-04:00","GGAIZ Bot started scanning","",""
"1463070403886059571","GGAIZ#7546","2026-03-18T09:55:39.8000000-04:00","@GGAIZ's Alerts","",""
"1463070403886059571","GGAIZ#7546","2026-03-18T10:15:41.7960000-04:00","@GGAIZ's Alerts","",""
"1463070403886059571","GGAIZ#7546","2026-03-18T11:15:39.8210000-04:00","@GGAIZ's Alerts","",""
"1463070403886059571","GGAIZ#7546","2026-03-18T11:45:35.3200000-04:00","@GGAIZ's Alerts","",""
"1463070403886059571","GGAIZ#7546","2026-03-18T13:15:34.9700000-04:00","@GGAIZ's Alerts","",""
"1463070403886059571","GGAIZ#7546","2026-03-18T15:35:35.6540000-04:00","@GGAIZ's Alerts","",""
"1463070403886059571","GGAIZ#7546","2026-03-18T16:15:34.2090000-04:00","GGAIZ Bot stopped scanning","",""
"1463070403886059571","GGAIZ#7546","2026-03-18T16:15:34.4610000-04:00","GGAIZ Bot has stopped","",""
"1463070403886059571","GGAIZ#7546","2026-03-19T09:00:34.3020000-04:00","GGAIZ Bot has started","",""
"1463070403886059571","GGAIZ#7546","2026-03-19T09:00:34.7410000-04:00","GGAIZ Bot started scanning","",""
"1463070403886059571","GGAIZ#7546","2026-03-19T10:00:44.4960000-04:00","@GGAIZ's Alerts","",""
"1463070403886059571","GGAIZ#7546","2026-03-19T10:05:34.5420000-04:00","@GGAIZ's Alerts","",""
"1463070403886059571","GGAIZ#7546","2026-03-19T11:40:43.3980000-04:00","@GGAIZ's Alerts","",""
"1463070403886059571","GGAIZ#7546","2026-03-19T11:45:38.2790000-04:00","@GGAIZ's Alerts","",""
"1463070403886059571","GGAIZ#7546","2026-03-19T12:30:35.5580000-04:00","@GGAIZ's Alerts","",""
"1463070403886059571","GGAIZ#7546","2026-03-19T14:40:35.1330000-04:00","@GGAIZ's Alerts","",""
"1463070403886059571","GGAIZ#7546","2026-03-19T16:15:34.1150000-04:00","GGAIZ Bot stopped scanning","",""
"1463070403886059571","GGAIZ#7546","2026-03-19T16:15:34.2490000-04:00","GGAIZ Bot has stopped","",""
"1463070403886059571","GGAIZ#7546","2026-03-20T09:00:34.2240000-04:00","GGAIZ Bot has started","",""
"1463070403886059571","GGAIZ#7546","2026-03-20T09:00:34.4090000-04:00","GGAIZ Bot started scanning","",""
"1463070403886059571","GGAIZ#7546","2026-03-20T09:20:45.4180000-04:00","@GGAIZ's Alerts","",""
"1463070403886059571","GGAIZ#7546","2026-03-20T11:15:39.7490000-04:00","@GGAIZ's Alerts","",""
"1463070403886059571","GGAIZ#7546","2026-03-20T12:10:37.2390000-04:00","@GGAIZ's Alerts","",""
"1463070403886059571","GGAIZ#7546","2026-03-20T13:25:35.0770000-04:00","@GGAIZ's Alerts","",""
"1463070403886059571","GGAIZ#7546","2026-03-20T15:05:35.8000000-04:00","@GGAIZ's Alerts","",""
"1463070403886059571","GGAIZ#7546","2026-03-20T15:45:38.5410000-04:00","@GGAIZ's Alerts","",""
"1463070403886059571","GGAIZ#7546","2026-03-20T16:15:34.1680000-04:00","GGAIZ Bot stopped scanning","",""
"1463070403886059571","GGAIZ#7546","2026-03-20T16:15:34.3090000-04:00","GGAIZ Bot has stopped","",""
"1463070403886059571","GGAIZ#7546","2026-03-23T09:00:10.1870000-04:00","GGAIZ Bot has started","",""
"1463070403886059571","GGAIZ#7546","2026-03-23T09:00:10.7170000-04:00","GGAIZ Bot started scanning","",""
"1463070403886059571","GGAIZ#7546","2026-03-23T16:15:10.0300000-04:00","GGAIZ Bot stopped scanning","",""
"1463070403886059571","GGAIZ#7546","2026-03-23T16:15:10.2720000-04:00","GGAIZ Bot has stopped","",""
"1463070403886059571","GGAIZ#7546","2026-03-24T09:00:43.0990000-04:00","GGAIZ Bot has started","",""
"1463070403886059571","GGAIZ#7546","2026-03-24T09:00:43.5610000-04:00","GGAIZ Bot started scanning","",""
"1463070403886059571","GGAIZ#7546","2026-03-24T10:15:43.7130000-04:00","@GGAIZ's Alerts","",""
"1463070403886059571","GGAIZ#7546","2026-03-24T10:45:48.5570000-04:00","@GGAIZ's Alerts","",""
"1463070403886059571","GGAIZ#7546","2026-03-24T11:20:43.9800000-04:00","@GGAIZ's Alerts","",""
"1463070403886059571","GGAIZ#7546","2026-03-24T14:25:44.5650000-04:00","@GGAIZ's Alerts","",""
"1463070403886059571","GGAIZ#7546","2026-03-24T16:05:43.7040000-04:00","@GGAIZ's Alerts","",""
"1463070403886059571","GGAIZ#7546","2026-03-24T16:15:43.0010000-04:00","GGAIZ Bot stopped scanning","",""
"1463070403886059571","GGAIZ#7546","2026-03-24T16:15:43.4250000-04:00","GGAIZ Bot has stopped","",""
"1463070403886059571","GGAIZ#7546","2026-03-25T09:00:43.0910000-04:00","GGAIZ Bot has started","",""
"1463070403886059571","GGAIZ#7546","2026-03-25T09:00:43.2600000-04:00","GGAIZ Bot started scanning","",""
"1463070403886059571","GGAIZ#7546","2026-03-25T10:00:44.2390000-04:00","@GGAIZ's Alerts","",""
"1463070403886059571","GGAIZ#7546","2026-03-25T10:00:46.5550000-04:00","@GGAIZ's Alerts","",""
"1463070403886059571","GGAIZ#7546","2026-03-25T11:25:44.3460000-04:00","@GGAIZ's Alerts","",""
"1463070403886059571","GGAIZ#7546","2026-03-25T12:40:46.5880000-04:00","@GGAIZ's Alerts","",""
"1463070403886059571","GGAIZ#7546","2026-03-25T13:40:44.3150000-04:00","@GGAIZ's Alerts","",""
"1463070403886059571","GGAIZ#7546","2026-03-25T16:15:43.0840000-04:00","GGAIZ Bot stopped scanning","",""
"1463070403886059571","GGAIZ#7546","2026-03-25T16:15:43.2420000-04:00","GGAIZ Bot has stopped","",""
"1463070403886059571","GGAIZ#7546","2026-03-26T09:00:40.4360000-04:00","GGAIZ Bot has started","",""
"1463070403886059571","GGAIZ#7546","2026-03-26T09:00:41.5890000-04:00","GGAIZ Bot started scanning","",""
"1463070403886059571","GGAIZ#7546","2026-03-26T09:10:40.2080000-04:00","@GGAIZ's Alerts","",""
"1463070403886059571","GGAIZ#7546","2026-03-26T09:15:40.8420000-04:00","@GGAIZ's Alerts","",""
"1463070403886059571","GGAIZ#7546","2026-03-26T10:00:40.5150000-04:00","@GGAIZ's Alerts","",""
"1463070403886059571","GGAIZ#7546","2026-03-26T11:00:45.1180000-04:00","@GGAIZ's Alerts","",""
"1463070403886059571","GGAIZ#7546","2026-03-26T12:35:45.5840000-04:00","@GGAIZ's Alerts","",""
"1463070403886059571","GGAIZ#7546","2026-03-26T14:25:42.9090000-04:00","@GGAIZ's Alerts","",""
"1463070403886059571","GGAIZ#7546","2026-03-26T16:15:39.9050000-04:00","GGAIZ Bot stopped scanning","",""
"1463070403886059571","GGAIZ#7546","2026-03-26T16:15:40.1240000-04:00","GGAIZ Bot has stopped","",""
"1463070403886059571","GGAIZ#7546","2026-03-27T09:00:39.9270000-04:00","GGAIZ Bot has started","",""
"1463070403886059571","GGAIZ#7546","2026-03-27T09:00:40.1160000-04:00","GGAIZ Bot started scanning","",""
"1463070403886059571","GGAIZ#7546","2026-03-27T10:05:40.8870000-04:00","@GGAIZ's Alerts","",""
"1463070403886059571","GGAIZ#7546","2026-03-27T11:10:42.0100000-04:00","@GGAIZ's Alerts","",""
"1463070403886059571","GGAIZ#7546","2026-03-27T12:30:41.8580000-04:00","@GGAIZ's Alerts","",""
"1463070403886059571","GGAIZ#7546","2026-03-27T13:10:41.3020000-04:00","@GGAIZ's Alerts","",""
"1463070403886059571","GGAIZ#7546","2026-03-27T15:15:40.7350000-04:00","@GGAIZ's Alerts","",""
"1463070403886059571","GGAIZ#7546","2026-03-27T16:15:39.8870000-04:00","GGAIZ Bot stopped scanning","",""
"1463070403886059571","GGAIZ#7546","2026-03-27T16:15:40.0180000-04:00","GGAIZ Bot has stopped","",""
"1463070403886059571","GGAIZ#7546","2026-03-31T09:00:30.6650000-04:00","GGAIZ Bot has started","",""
"1463070403886059571","GGAIZ#7546","2026-03-31T09:00:30.8250000-04:00","GGAIZ Bot started scanning","",""
"1463070403886059571","GGAIZ#7546","2026-03-31T09:10:31.4950000-04:00","@GGAIZ's Alerts","",""
"1463070403886059571","GGAIZ#7546","2026-03-31T10:00:31.3310000-04:00","@GGAIZ's Alerts","",""
"1463070403886059571","GGAIZ#7546","2026-03-31T10:35:31.8290000-04:00","@GGAIZ's Alerts","",""
"1463070403886059571","GGAIZ#7546","2026-03-31T11:40:31.9660000-04:00","@GGAIZ's Alerts","",""
"1463070403886059571","GGAIZ#7546","2026-03-31T12:05:33.1530000-04:00","@GGAIZ's Alerts","",""
"1463070403886059571","GGAIZ#7546","2026-03-31T12:40:32.4530000-04:00","@GGAIZ's Alerts","",""
"1463070403886059571","GGAIZ#7546","2026-03-31T13:50:32.5160000-04:00","@GGAIZ's Alerts","",""
"1463070403886059571","GGAIZ#7546","2026-03-31T14:35:31.0650000-04:00","@GGAIZ's Alerts","",""
"1463070403886059571","GGAIZ#7546","2026-03-31T15:15:33.5380000-04:00","@GGAIZ's Alerts","",""
"1463070403886059571","GGAIZ#7546","2026-03-31T16:10:31.7800000-04:00","@GGAIZ's Alerts","",""
"1463070403886059571","GGAIZ#7546","2026-03-31T16:15:30.5260000-04:00","GGAIZ Bot stopped scanning","",""
"1463070403886059571","GGAIZ#7546","2026-03-31T16:15:30.6680000-04:00","GGAIZ Bot has stopped","",""
"1463070403886059571","GGAIZ#7546","2026-04-01T09:00:30.4790000-04:00","GGAIZ Bot has started","",""
"1463070403886059571","GGAIZ#7546","2026-04-01T09:00:30.6970000-04:00","GGAIZ Bot started scanning","",""
"1463070403886059571","GGAIZ#7546","2026-04-01T09:05:31.0310000-04:00","@GGAIZ's Alerts","",""
"1463070403886059571","GGAIZ#7546","2026-04-01T09:30:32.6540000-04:00","@GGAIZ's Alerts","",""
"1463070403886059571","GGAIZ#7546","2026-04-01T11:55:33.2890000-04:00","@GGAIZ's Alerts","",""
"1463070403886059571","GGAIZ#7546","2026-04-01T13:15:33.2220000-04:00","@GGAIZ's Alerts","",""
"1463070403886059571","GGAIZ#7546","2026-04-01T16:15:30.5050000-04:00","GGAIZ Bot stopped scanning","",""
"1463070403886059571","GGAIZ#7546","2026-04-01T16:15:30.8250000-04:00","GGAIZ Bot has stopped","",""
"1463070403886059571","GGAIZ#7546","2026-04-02T09:00:30.7140000-04:00","GGAIZ Bot has started","",""
"1463070403886059571","GGAIZ#7546","2026-04-02T09:00:31.2490000-04:00","GGAIZ Bot started scanning","",""
"1463070403886059571","GGAIZ#7546","2026-04-02T09:00:32.2480000-04:00","@GGAIZ's Alerts","",""
"1463070403886059571","GGAIZ#7546","2026-04-02T10:22:55.1610000-04:00","GGAIZ Bot has started","",""
"1463070403886059571","GGAIZ#7546","2026-04-02T10:22:55.3660000-04:00","GGAIZ Bot started scanning","",""
"1463070403886059571","GGAIZ#7546","2026-04-02T10:47:57.0670000-04:00","@GGAIZ's Alerts","",""
"1463070403886059571","GGAIZ#7546","2026-04-02T11:32:56.7540000-04:00","@GGAIZ's Alerts","",""
"1463070403886059571","GGAIZ#7546","2026-04-02T11:32:57.6320000-04:00","@GGAIZ's Alerts","",""
"1463070403886059571","GGAIZ#7546","2026-04-02T13:28:01.9250000-04:00","@GGAIZ's Alerts","",""
"1463070403886059571","GGAIZ#7546","2026-04-02T14:37:56.5950000-04:00","@GGAIZ's Alerts","",""
"1463070403886059571","GGAIZ#7546","2026-04-02T15:17:55.9230000-04:00","@GGAIZ's Alerts","",""
"1463070403886059571","GGAIZ#7546","2026-04-02T15:32:56.8610000-04:00","@GGAIZ's Alerts","",""
"1463070403886059571","GGAIZ#7546","2026-04-02T16:15:55.0940000-04:00","GGAIZ Bot stopped scanning","",""
"1463070403886059571","GGAIZ#7546","2026-04-02T16:15:55.3400000-04:00","GGAIZ Bot has stopped","",""
"1463070403886059571","GGAIZ#7546","2026-04-06T09:00:55.2370000-04:00","GGAIZ Bot has started","",""
"1463070403886059571","GGAIZ#7546","2026-04-06T09:00:55.7220000-04:00","GGAIZ Bot started scanning","",""
"1463070403886059571","GGAIZ#7546","2026-04-06T09:30:56.9360000-04:00","@GGAIZ's Alerts","",""
"1463070403886059571","GGAIZ#7546","2026-04-06T10:30:55.9700000-04:00","@GGAIZ's Alerts","",""
"1463070403886059571","GGAIZ#7546","2026-04-06T10:55:57.9460000-04:00","@GGAIZ's Alerts","",""
"1463070403886059571","GGAIZ#7546","2026-04-06T14:30:57.1910000-04:00","@GGAIZ's Alerts","",""
"1463070403886059571","GGAIZ#7546","2026-04-06T15:30:56.8530000-04:00","@GGAIZ's Alerts","",""
"1463070403886059571","GGAIZ#7546","2026-04-06T16:15:55.1400000-04:00","GGAIZ Bot stopped scanning","",""
"1463070403886059571","GGAIZ#7546","2026-04-06T16:15:55.3120000-04:00","GGAIZ Bot has stopped","",""
"1463070403886059571","GGAIZ#7546","2026-04-07T09:00:55.0650000-04:00","GGAIZ Bot has started","",""
"1463070403886059571","GGAIZ#7546","2026-04-07T09:00:55.3920000-04:00","GGAIZ Bot started scanning","",""
"1463070403886059571","GGAIZ#7546","2026-04-07T12:25:57.1640000-04:00","@GGAIZ's Alerts","",""
"1463070403886059571","GGAIZ#7546","2026-04-07T13:30:56.7560000-04:00","@GGAIZ's Alerts","",""
"1463070403886059571","GGAIZ#7546","2026-04-07T14:35:56.9140000-04:00","@GGAIZ's Alerts","",""
"1463070403886059571","GGAIZ#7546","2026-04-07T15:45:57.2050000-04:00","@GGAIZ's Alerts","",""
"1463070403886059571","GGAIZ#7546","2026-04-07T16:05:56.0800000-04:00","@GGAIZ's Alerts","",""
"1463070403886059571","GGAIZ#7546","2026-04-07T16:15:55.1280000-04:00","GGAIZ Bot stopped scanning","",""
"1463070403886059571","GGAIZ#7546","2026-04-07T16:15:55.3050000-04:00","GGAIZ Bot has stopped","",""
"1463070403886059571","GGAIZ#7546","2026-04-08T09:00:55.1410000-04:00","GGAIZ Bot has started","",""
"1463070403886059571","GGAIZ#7546","2026-04-08T09:00:55.5010000-04:00","GGAIZ Bot started scanning","",""
"1463070403886059571","GGAIZ#7546","2026-04-08T09:45:57.4870000-04:00","@GGAIZ's Alerts","",""
"1463070403886059571","GGAIZ#7546","2026-04-08T10:45:56.5510000-04:00","@GGAIZ's Alerts","",""
"1463070403886059571","GGAIZ#7546","2026-04-08T11:40:56.1410000-04:00","@GGAIZ's Alerts","",""
"1463070403886059571","GGAIZ#7546","2026-04-08T12:30:59.1790000-04:00","@GGAIZ's Alerts","",""
"1463070403886059571","GGAIZ#7546","2026-04-08T14:01:09.9730000-04:00","@GGAIZ's Alerts","",""
"1463070403886059571","GGAIZ#7546","2026-04-08T15:05:57.5750000-04:00","@GGAIZ's Alerts","",""
"1463070403886059571","GGAIZ#7546","2026-04-08T15:45:57.0610000-04:00","@GGAIZ's Alerts","",""
"1463070403886059571","GGAIZ#7546","2026-04-08T16:15:55.1080000-04:00","GGAIZ Bot stopped scanning","",""
"1463070403886059571","GGAIZ#7546","2026-04-08T16:15:55.3530000-04:00","GGAIZ Bot has stopped","",""
"1463070403886059571","GGAIZ#7546","2026-04-09T09:00:55.1200000-04:00","GGAIZ Bot has started","",""
"1463070403886059571","GGAIZ#7546","2026-04-09T09:00:55.5180000-04:00","GGAIZ Bot started scanning","",""
"1463070403886059571","GGAIZ#7546","2026-04-09T09:05:56.5270000-04:00","@GGAIZ's Alerts","",""
"1463070403886059571","GGAIZ#7546","2026-04-09T10:10:55.8370000-04:00","@GGAIZ's Alerts","",""
"1463070403886059571","GGAIZ#7546","2026-04-09T10:25:57.5320000-04:00","@GGAIZ's Alerts","",""
"1463070403886059571","GGAIZ#7546","2026-04-09T11:15:56.0560000-04:00","@GGAIZ's Alerts","",""
"1463070403886059571","GGAIZ#7546","2026-04-09T11:15:57.3770000-04:00","@GGAIZ's Alerts","",""
"1463070403886059571","GGAIZ#7546","2026-04-09T12:10:56.9600000-04:00","@GGAIZ's Alerts","",""
"1463070403886059571","GGAIZ#7546","2026-04-09T12:50:56.5810000-04:00","@GGAIZ's Alerts","",""
"1463070403886059571","GGAIZ#7546","2026-04-09T13:40:58.5880000-04:00","@GGAIZ's Alerts","",""
"1463070403886059571","GGAIZ#7546","2026-04-09T15:30:57.4160000-04:00","@GGAIZ's Alerts","",""
"1463070403886059571","GGAIZ#7546","2026-04-09T15:55:56.5180000-04:00","@GGAIZ's Alerts","",""
"1463070403886059571","GGAIZ#7546","2026-04-09T16:15:55.0550000-04:00","GGAIZ Bot stopped scanning","",""
"1463070403886059571","GGAIZ#7546","2026-04-09T16:15:55.3200000-04:00","GGAIZ Bot has stopped","",""
"1463070403886059571","GGAIZ#7546","2026-04-10T09:00:55.2000000-04:00","GGAIZ Bot has started","",""
"1463070403886059571","GGAIZ#7546","2026-04-10T09:00:55.3720000-04:00","GGAIZ Bot started scanning","",""
"1463070403886059571","GGAIZ#7546","2026-04-10T09:20:56.3580000-04:00","@GGAIZ's Alerts","",""
"1463070403886059571","GGAIZ#7546","2026-04-10T10:34:51.2380000-04:00","GGAIZ Bot has started","",""
"1463070403886059571","GGAIZ#7546","2026-04-10T10:34:51.3700000-04:00","GGAIZ Bot started scanning","",""
"1463070403886059571","GGAIZ#7546","2026-04-10T12:49:54.7240000-04:00","@GGAIZ's Alerts","",""
"1463070403886059571","GGAIZ#7546","2026-04-10T13:34:52.4710000-04:00","@GGAIZ's Alerts","",""
"1463070403886059571","GGAIZ#7546","2026-04-10T16:15:51.1860000-04:00","GGAIZ Bot stopped scanning","",""
"1463070403886059571","GGAIZ#7546","2026-04-10T16:15:51.3640000-04:00","GGAIZ Bot has stopped","",""
"1463070403886059571","GGAIZ#7546","2026-04-13T09:00:51.3300000-04:00","GGAIZ Bot has started","",""
"1463070403886059571","GGAIZ#7546","2026-04-13T09:00:51.9370000-04:00","GGAIZ Bot started scanning","",""
"1463070403886059571","GGAIZ#7546","2026-04-13T09:00:52.0270000-04:00","@GGAIZ's Alerts","",""
"1463070403886059571","GGAIZ#7546","2026-04-13T09:00:53.2290000-04:00","@GGAIZ's Alerts","",""
"1463070403886059571","GGAIZ#7546","2026-04-13T10:05:54.1200000-04:00","@GGAIZ's Alerts","",""
"1463070403886059571","GGAIZ#7546","2026-04-13T10:10:52.9880000-04:00","@GGAIZ's Alerts","",""
"1463070403886059571","GGAIZ#7546","2026-04-13T11:05:57.6140000-04:00","@GGAIZ's Alerts","",""
"1463070403886059571","GGAIZ#7546","2026-04-13T14:40:52.0760000-04:00","@GGAIZ's Alerts","",""
"1463070403886059571","GGAIZ#7546","2026-04-13T15:00:52.3000000-04:00","@GGAIZ's Alerts","",""
"1463070403886059571","GGAIZ#7546","2026-04-13T16:00:52.3920000-04:00","@GGAIZ's Alerts","",""
"1463070403886059571","GGAIZ#7546","2026-04-13T16:15:51.2090000-04:00","GGAIZ Bot stopped scanning","",""
"1463070403886059571","GGAIZ#7546","2026-04-13T16:15:51.5440000-04:00","GGAIZ Bot has stopped","",""
"1463070403886059571","GGAIZ#7546","2026-04-14T09:00:51.2810000-04:00","GGAIZ Bot has started","",""
"1463070403886059571","GGAIZ#7546","2026-04-14T09:00:51.6610000-04:00","GGAIZ Bot started scanning","",""
"1463070403886059571","GGAIZ#7546","2026-04-14T11:02:27.3550000-04:00","@GGAIZ's Alerts","",""
"1463070403886059571","GGAIZ#7546","2026-04-14T11:20:51.8840000-04:00","@GGAIZ's Alerts","",""
"1463070403886059571","GGAIZ#7546","2026-04-14T12:45:52.7260000-04:00","@GGAIZ's Alerts","",""
"1463070403886059571","GGAIZ#7546","2026-04-14T13:30:53.8680000-04:00","@GGAIZ's Alerts","",""
"1463070403886059571","GGAIZ#7546","2026-04-14T14:05:53.9900000-04:00","@GGAIZ's Alerts","",""
"1463070403886059571","GGAIZ#7546","2026-04-14T15:50:52.1550000-04:00","@GGAIZ's Alerts","",""
"1463070403886059571","GGAIZ#7546","2026-04-14T16:15:51.1220000-04:00","GGAIZ Bot stopped scanning","",""
"1463070403886059571","GGAIZ#7546","2026-04-14T16:15:52.5810000-04:00","GGAIZ Bot has stopped","",""
"1463070403886059571","GGAIZ#7546","2026-04-15T09:00:51.1950000-04:00","GGAIZ Bot has started","",""
"1463070403886059571","GGAIZ#7546","2026-04-15T09:00:51.4890000-04:00","GGAIZ Bot started scanning","",""
"1463070403886059571","GGAIZ#7546","2026-04-15T09:45:52.7320000-04:00","@GGAIZ's Alerts","",""
"1463070403886059571","GGAIZ#7546","2026-04-15T10:35:52.1830000-04:00","@GGAIZ's Alerts","",""
"1463070403886059571","GGAIZ#7546","2026-04-15T11:05:53.0680000-04:00","@GGAIZ's Alerts","",""
"1463070403886059571","GGAIZ#7546","2026-04-15T12:25:52.1940000-04:00","@GGAIZ's Alerts","",""
"1463070403886059571","GGAIZ#7546","2026-04-15T13:30:54.2770000-04:00","@GGAIZ's Alerts","",""
"1463070403886059571","GGAIZ#7546","2026-04-15T14:35:53.0120000-04:00","@GGAIZ's Alerts","",""
"1463070403886059571","GGAIZ#7546","2026-04-15T15:15:52.2270000-04:00","@GGAIZ's Alerts","",""
"1463070403886059571","GGAIZ#7546","2026-04-15T16:15:51.2200000-04:00","GGAIZ Bot stopped scanning","",""
"1463070403886059571","GGAIZ#7546","2026-04-15T16:15:52.2270000-04:00","GGAIZ Bot has stopped","",""
"1463070403886059571","GGAIZ#7546","2026-04-16T09:00:51.2390000-04:00","GGAIZ Bot has started","",""
"1463070403886059571","GGAIZ#7546","2026-04-16T09:00:51.6430000-04:00","GGAIZ Bot started scanning","",""
"1463070403886059571","GGAIZ#7546","2026-04-16T09:30:51.4300000-04:00","@GGAIZ's Alerts","",""
"1463070403886059571","GGAIZ#7546","2026-04-16T09:45:53.6700000-04:00","@GGAIZ's Alerts","",""
"1463070403886059571","GGAIZ#7546","2026-04-16T11:05:52.5610000-04:00","@GGAIZ's Alerts","",""
"1463070403886059571","GGAIZ#7546","2026-04-16T11:40:52.4500000-04:00","@GGAIZ's Alerts","",""
"1463070403886059571","GGAIZ#7546","2026-04-16T12:20:53.6170000-04:00","@GGAIZ's Alerts","",""
"1463070403886059571","GGAIZ#7546","2026-04-16T14:05:53.6330000-04:00","@GGAIZ's Alerts","",""
"1463070403886059571","GGAIZ#7546","2026-04-16T15:20:52.7390000-04:00","@GGAIZ's Alerts","",""
"1463070403886059571","GGAIZ#7546","2026-04-16T16:00:51.8590000-04:00","@GGAIZ's Alerts","",""
"1463070403886059571","GGAIZ#7546","2026-04-16T16:15:51.2510000-04:00","GGAIZ Bot stopped scanning","",""
"1463070403886059571","GGAIZ#7546","2026-04-16T16:15:51.5760000-04:00","GGAIZ Bot has stopped","",""
"1463070403886059571","GGAIZ#7546","2026-04-17T09:00:51.2000000-04:00","GGAIZ Bot has started","",""
"1463070403886059571","GGAIZ#7546","2026-04-17T09:00:51.3180000-04:00","GGAIZ Bot started scanning","",""
"1463070403886059571","GGAIZ#7546","2026-04-17T09:20:51.9440000-04:00","@GGAIZ's Alerts","",""
"1463070403886059571","GGAIZ#7546","2026-04-17T09:45:52.9280000-04:00","@GGAIZ's Alerts","",""
"1463070403886059571","GGAIZ#7546","2026-04-17T10:15:52.4780000-04:00","@GGAIZ's Alerts","",""
"1463070403886059571","GGAIZ#7546","2026-04-17T11:10:51.7910000-04:00","@GGAIZ's Alerts","",""
"1463070403886059571","GGAIZ#7546","2026-04-17T11:10:53.7310000-04:00","@GGAIZ's Alerts","",""
"1463070403886059571","GGAIZ#7546","2026-04-17T12:40:52.8720000-04:00","@GGAIZ's Alerts","",""
"1463070403886059571","GGAIZ#7546","2026-04-17T15:20:52.1310000-04:00","@GGAIZ's Alerts","",""
"1463070403886059571","GGAIZ#7546","2026-04-17T16:15:51.1920000-04:00","GGAIZ Bot stopped scanning","",""
"1463070403886059571","GGAIZ#7546","2026-04-17T16:15:51.5300000-04:00","GGAIZ Bot has stopped","",""
"1463070403886059571","GGAIZ#7546","2026-04-20T09:00:51.2330000-04:00","GGAIZ Bot has started","",""
"1463070403886059571","GGAIZ#7546","2026-04-20T09:00:51.4920000-04:00","GGAIZ Bot started scanning","",""
"1463070403886059571","GGAIZ#7546","2026-04-20T09:30:52.1860000-04:00","@GGAIZ's Alerts","",""
"1463070403886059571","GGAIZ#7546","2026-04-20T10:45:53.1050000-04:00","@GGAIZ's Alerts","",""
"1463070403886059571","GGAIZ#7546","2026-04-20T11:35:51.8590000-04:00","@GGAIZ's Alerts","",""
"1463070403886059571","GGAIZ#7546","2026-04-20T12:20:52.6500000-04:00","@GGAIZ's Alerts","",""
"1463070403886059571","GGAIZ#7546","2026-04-20T12:25:55.6150000-04:00","@GGAIZ's Alerts","",""
"1463070403886059571","GGAIZ#7546","2026-04-20T14:40:54.2890000-04:00","@GGAIZ's Alerts","",""
"1463070403886059571","GGAIZ#7546","2026-04-20T16:00:53.0920000-04:00","@GGAIZ's Alerts","",""
"1463070403886059571","GGAIZ#7546","2026-04-20T16:15:51.1550000-04:00","GGAIZ Bot stopped scanning","",""
"1463070403886059571","GGAIZ#7546","2026-04-20T16:15:51.3600000-04:00","GGAIZ Bot has stopped","",""
"1463070403886059571","GGAIZ#7546","2026-04-21T09:00:51.1490000-04:00","GGAIZ Bot has started","",""
"1463070403886059571","GGAIZ#7546","2026-04-21T09:00:51.3730000-04:00","GGAIZ Bot started scanning","",""
"1463070403886059571","GGAIZ#7546","2026-04-21T09:15:51.9060000-04:00","@GGAIZ's Alerts","",""
"1463070403886059571","GGAIZ#7546","2026-04-21T10:30:53.3780000-04:00","@GGAIZ's Alerts","",""
"1463070403886059571","GGAIZ#7546","2026-04-21T13:05:54.3630000-04:00","@GGAIZ's Alerts","",""
"1463070403886059571","GGAIZ#7546","2026-04-21T14:05:53.1400000-04:00","@GGAIZ's Alerts","",""
"1463070403886059571","GGAIZ#7546","2026-04-21T14:55:53.4510000-04:00","@GGAIZ's Alerts","",""
"1463070403886059571","GGAIZ#7546","2026-04-21T16:15:52.1370000-04:00","GGAIZ Bot stopped scanning","",""
"1463070403886059571","GGAIZ#7546","2026-04-21T16:15:52.5800000-04:00","GGAIZ Bot has stopped","",""
"1463070403886059571","GGAIZ#7546","2026-04-22T09:00:51.2260000-04:00","GGAIZ Bot has started","",""
"1463070403886059571","GGAIZ#7546","2026-04-22T09:00:51.5530000-04:00","GGAIZ Bot started scanning","",""
"1463070403886059571","GGAIZ#7546","2026-04-22T09:00:52.4010000-04:00","@GGAIZ's Alerts","",""
"1463070403886059571","GGAIZ#7546","2026-04-22T09:55:53.7270000-04:00","@GGAIZ's Alerts","",""
"1463070403886059571","GGAIZ#7546","2026-04-22T10:25:52.1090000-04:00","@GGAIZ's Alerts","",""
"1463070403886059571","GGAIZ#7546","2026-04-22T11:11:01.0830000-04:00","@GGAIZ's Alerts","",""
"1463070403886059571","GGAIZ#7546","2026-04-22T12:40:55.8500000-04:00","@GGAIZ's Alerts","",""
"1463070403886059571","GGAIZ#7546","2026-04-22T13:25:51.6470000-04:00","@GGAIZ's Alerts","",""
"1463070403886059571","GGAIZ#7546","2026-04-22T15:10:51.9230000-04:00","@GGAIZ's Alerts","",""
"1463070403886059571","GGAIZ#7546","2026-04-22T15:45:53.5320000-04:00","@GGAIZ's Alerts","",""
"1463070403886059571","GGAIZ#7546","2026-04-22T16:15:51.2060000-04:00","GGAIZ Bot stopped scanning","",""
"1463070403886059571","GGAIZ#7546","2026-04-22T16:15:51.3860000-04:00","GGAIZ Bot has stopped","",""
"1463070403886059571","GGAIZ#7546","2026-04-23T09:00:51.2840000-04:00","GGAIZ Bot has started","",""
"1463070403886059571","GGAIZ#7546","2026-04-23T09:00:51.8600000-04:00","GGAIZ Bot started scanning","",""
"1463070403886059571","GGAIZ#7546","2026-04-23T09:40:52.6270000-04:00","@GGAIZ's Alerts","",""
"1463070403886059571","GGAIZ#7546","2026-04-23T11:20:51.5920000-04:00","@GGAIZ's Alerts","",""
"1463070403886059571","GGAIZ#7546","2026-04-23T12:00:52.6610000-04:00","@GGAIZ's Alerts","",""
"1463070403886059571","GGAIZ#7546","2026-04-23T12:30:51.8500000-04:00","@GGAIZ's Alerts","",""
"1463070403886059571","GGAIZ#7546","2026-04-23T13:55:51.9810000-04:00","@GGAIZ's Alerts","",""
"1463070403886059571","GGAIZ#7546","2026-04-23T15:45:59.5110000-04:00","@GGAIZ's Alerts","",""
"1463070403886059571","GGAIZ#7546","2026-04-23T16:15:51.2220000-04:00","GGAIZ Bot stopped scanning","",""
"1463070403886059571","GGAIZ#7546","2026-04-23T16:15:51.4160000-04:00","GGAIZ Bot has stopped","",""
"1463070403886059571","GGAIZ#7546","2026-04-24T09:00:24.6870000-04:00","GGAIZ Bot has started","",""
"1463070403886059571","GGAIZ#7546","2026-04-24T09:00:24.8930000-04:00","GGAIZ Bot started scanning","",""
"1463070403886059571","GGAIZ#7546","2026-04-24T12:40:26.5460000-04:00","GGAIZ Bot has started","",""
"1463070403886059571","GGAIZ#7546","2026-04-24T12:40:26.7560000-04:00","GGAIZ Bot started scanning","",""
"1463070403886059571","GGAIZ#7546","2026-04-24T12:45:29.4620000-04:00","@GGAIZ's Alerts","",""
"1463070403886059571","GGAIZ#7546","2026-04-24T12:55:27.3050000-04:00","@GGAIZ's Alerts","",""
"1463070403886059571","GGAIZ#7546","2026-04-24T13:48:41.3610000-04:00","GGAIZ Bot has started","",""
"1463070403886059571","GGAIZ#7546","2026-04-24T13:48:41.5870000-04:00","GGAIZ Bot started scanning","",""
"1463070403886059571","GGAIZ#7546","2026-04-24T14:18:42.1390000-04:00","@GGAIZ's Alerts","",""
"1463070403886059571","GGAIZ#7546","2026-04-24T14:28:42.3440000-04:00","@GGAIZ's Alerts","",""
"1463070403886059571","GGAIZ#7546","2026-04-24T15:23:44.9800000-04:00","@GGAIZ's Alerts","",""
"1463070403886059571","GGAIZ#7546","2026-04-24T15:58:42.4020000-04:00","@GGAIZ's Alerts","",""
"1463070403886059571","GGAIZ#7546","2026-04-24T16:15:41.3210000-04:00","GGAIZ Bot stopped scanning","",""
"1463070403886059571","GGAIZ#7546","2026-04-24T16:15:41.6100000-04:00","GGAIZ Bot has stopped","",""
"1463070403886059571","GGAIZ#7546","2026-04-27T09:00:56.0610000-04:00","GGAIZ Bot has started","",""
"1463070403886059571","GGAIZ#7546","2026-04-27T09:00:56.6360000-04:00","GGAIZ Bot started scanning","",""
"1463070403886059571","GGAIZ#7546","2026-04-27T10:21:27.2060000-04:00","GGAIZ Bot has started","",""
"1463070403886059571","GGAIZ#7546","2026-04-27T10:21:27.4250000-04:00","GGAIZ Bot started scanning","",""
"1463070403886059571","GGAIZ#7546","2026-04-27T16:15:28.8060000-04:00","GGAIZ Bot stopped scanning","",""
"1463070403886059571","GGAIZ#7546","2026-04-27T16:15:29.0700000-04:00","GGAIZ Bot has stopped","",""
"1463070403886059571","GGAIZ#7546","2026-04-28T09:00:27.1920000-04:00","GGAIZ Bot has started","",""
"1463070403886059571","GGAIZ#7546","2026-04-28T09:00:27.4180000-04:00","GGAIZ Bot started scanning","",""
"1463070403886059571","GGAIZ#7546","2026-04-28T09:00:29.2150000-04:00","@GGAIZ's Alerts","",""
"1463070403886059571","GGAIZ#7546","2026-04-28T11:40:33.4230000-04:00","@GGAIZ's Alerts","",""
"1463070403886059571","GGAIZ#7546","2026-04-28T14:20:28.0830000-04:00","@GGAIZ's Alerts","",""
"1463070403886059571","GGAIZ#7546","2026-04-28T15:10:28.7170000-04:00","@GGAIZ's Alerts","",""
"1463070403886059571","GGAIZ#7546","2026-04-28T16:15:27.2050000-04:00","GGAIZ Bot stopped scanning","",""
"1463070403886059571","GGAIZ#7546","2026-04-28T16:15:27.4130000-04:00","GGAIZ Bot has stopped","",""
"1463070403886059571","GGAIZ#7546","2026-04-29T09:00:27.0840000-04:00","GGAIZ Bot has started","",""
"1463070403886059571","GGAIZ#7546","2026-04-29T09:00:27.3630000-04:00","GGAIZ Bot started scanning","",""
"1463070403886059571","GGAIZ#7546","2026-04-29T11:40:29.2170000-04:00","@GGAIZ's Alerts","",""
"1463070403886059571","GGAIZ#7546","2026-04-29T13:30:37.9580000-04:00","@GGAIZ's Alerts","",""
"1463070403886059571","GGAIZ#7546","2026-04-29T15:05:33.8050000-04:00","@GGAIZ's Alerts","",""
"1463070403886059571","GGAIZ#7546","2026-04-29T16:15:29.3830000-04:00","GGAIZ Bot stopped scanning","",""
"1463070403886059571","GGAIZ#7546","2026-04-29T16:15:29.7560000-04:00","GGAIZ Bot has stopped","",""
"1463070403886059571","GGAIZ#7546","2026-04-30T09:00:27.3540000-04:00","GGAIZ Bot has started","",""
"1463070403886059571","GGAIZ#7546","2026-04-30T09:00:27.6410000-04:00","GGAIZ Bot started scanning","",""
"1463070403886059571","GGAIZ#7546","2026-04-30T09:25:29.1310000-04:00","@GGAIZ's Alerts","",""
"1463070403886059571","GGAIZ#7546","2026-04-30T10:40:28.4080000-04:00","@GGAIZ's Alerts","",""
"1463070403886059571","GGAIZ#7546","2026-04-30T11:30:28.9240000-04:00","@GGAIZ's Alerts","",""
"1463070403886059571","GGAIZ#7546","2026-04-30T12:25:27.9630000-04:00","@GGAIZ's Alerts","",""
"1463070403886059571","GGAIZ#7546","2026-04-30T13:05:28.6800000-04:00","@GGAIZ's Alerts","",""
"1463070403886059571","GGAIZ#7546","2026-04-30T13:25:28.1000000-04:00","@GGAIZ's Alerts","",""
"1463070403886059571","GGAIZ#7546","2026-04-30T14:35:28.0520000-04:00","@GGAIZ's Alerts","",""
"1463070403886059571","GGAIZ#7546","2026-04-30T15:45:28.3880000-04:00","@GGAIZ's Alerts","",""
"1463070403886059571","GGAIZ#7546","2026-04-30T16:15:27.1110000-04:00","GGAIZ Bot stopped scanning","",""
"1463070403886059571","GGAIZ#7546","2026-04-30T16:15:27.3590000-04:00","GGAIZ Bot has stopped","",""
"1463070403886059571","GGAIZ#7546","2026-05-01T09:00:27.3030000-04:00","GGAIZ Bot has started","",""
"1463070403886059571","GGAIZ#7546","2026-05-01T09:00:27.5650000-04:00","GGAIZ Bot started scanning","",""
"1463070403886059571","GGAIZ#7546","2026-05-01T10:10:28.3330000-04:00","@GGAIZ's Alerts","",""
"1463070403886059571","GGAIZ#7546","2026-05-01T12:10:29.1450000-04:00","@GGAIZ's Alerts","",""
"1463070403886059571","GGAIZ#7546","2026-05-01T13:30:28.5550000-04:00","@GGAIZ's Alerts","",""
"1463070403886059571","GGAIZ#7546","2026-05-01T13:40:28.6860000-04:00","@GGAIZ's Alerts","",""
"1463070403886059571","GGAIZ#7546","2026-05-01T14:55:29.2480000-04:00","@GGAIZ's Alerts","",""
"1463070403886059571","GGAIZ#7546","2026-05-01T15:45:27.6500000-04:00","@GGAIZ's Alerts","",""
"1463070403886059571","GGAIZ#7546","2026-05-01T16:15:27.1960000-04:00","GGAIZ Bot stopped scanning","",""
"1463070403886059571","GGAIZ#7546","2026-05-01T16:15:27.3690000-04:00","GGAIZ Bot has stopped","",""
"1463070403886059571","GGAIZ#7546","2026-05-04T09:00:45.4600000-04:00","GGAIZ Bot has started","",""
"1463070403886059571","GGAIZ#7546","2026-05-04T09:00:45.6540000-04:00","GGAIZ Bot started scanning","",""
"1463070403886059571","GGAIZ#7546","2026-05-04T16:15:45.4860000-04:00","GGAIZ Bot stopped scanning","",""
"1463070403886059571","GGAIZ#7546","2026-05-04T16:15:45.6810000-04:00","GGAIZ Bot has stopped","",""
"1463070403886059571","GGAIZ#7546","2026-05-05T09:00:45.5330000-04:00","GGAIZ Bot has started","",""
"1463070403886059571","GGAIZ#7546","2026-05-05T09:00:45.7870000-04:00","GGAIZ Bot started scanning","",""
"1463070403886059571","GGAIZ#7546","2026-05-05T09:20:47.0040000-04:00","@GGAIZ's Alerts","",""
"1463070403886059571","GGAIZ#7546","2026-05-05T11:45:46.7180000-04:00","@GGAIZ's Alerts","",""
"1463070403886059571","GGAIZ#7546","2026-05-05T12:35:46.2620000-04:00","@GGAIZ's Alerts","",""
"1463070403886059571","GGAIZ#7546","2026-05-05T13:20:46.6880000-04:00","@GGAIZ's Alerts","",""
"1463070403886059571","GGAIZ#7546","2026-05-05T14:10:46.1410000-04:00","@GGAIZ's Alerts","",""
"1463070403886059571","GGAIZ#7546","2026-05-05T14:10:51.9320000-04:00","@GGAIZ's Alerts","",""
"1463070403886059571","GGAIZ#7546","2026-05-05T16:15:45.4750000-04:00","GGAIZ Bot stopped scanning","",""
"1463070403886059571","GGAIZ#7546","2026-05-05T16:15:45.5780000-04:00","GGAIZ Bot has stopped","",""
"1463070403886059571","GGAIZ#7546","2026-05-06T09:00:45.4330000-04:00","GGAIZ Bot has started","",""
"1463070403886059571","GGAIZ#7546","2026-05-06T09:00:45.7200000-04:00","GGAIZ Bot started scanning","",""
"1463070403886059571","GGAIZ#7546","2026-05-06T11:20:46.2350000-04:00","@GGAIZ's Alerts","",""
"1463070403886059571","GGAIZ#7546","2026-05-06T13:05:46.7560000-04:00","@GGAIZ's Alerts","",""
"1463070403886059571","GGAIZ#7546","2026-05-06T13:20:49.3340000-04:00","@GGAIZ's Alerts","",""
"1463070403886059571","GGAIZ#7546","2026-05-06T13:55:46.6770000-04:00","@GGAIZ's Alerts","",""
"1463070403886059571","GGAIZ#7546","2026-05-06T14:45:48.3390000-04:00","@GGAIZ's Alerts","",""
"1463070403886059571","GGAIZ#7546","2026-05-06T15:30:47.4410000-04:00","@GGAIZ's Alerts","",""
"1463070403886059571","GGAIZ#7546","2026-05-06T16:15:45.4570000-04:00","GGAIZ Bot stopped scanning","",""
"1463070403886059571","GGAIZ#7546","2026-05-06T16:15:45.6590000-04:00","GGAIZ Bot has stopped","",""
"1463070403886059571","GGAIZ#7546","2026-05-07T09:00:45.5860000-04:00","GGAIZ Bot has started","",""
"1463070403886059571","GGAIZ#7546","2026-05-07T09:00:46.1090000-04:00","GGAIZ Bot started scanning","",""
"1463070403886059571","GGAIZ#7546","2026-05-07T11:05:46.6770000-04:00","@GGAIZ's Alerts","",""
"1463070403886059571","GGAIZ#7546","2026-05-07T14:15:47.0170000-04:00","@GGAIZ's Alerts","",""
"1463070403886059571","GGAIZ#7546","2026-05-07T14:35:46.5290000-04:00","@GGAIZ's Alerts","",""
"1463070403886059571","GGAIZ#7546","2026-05-07T15:50:48.3790000-04:00","@GGAIZ's Alerts","",""
"1463070403886059571","GGAIZ#7546","2026-05-07T16:15:45.4080000-04:00","GGAIZ Bot stopped scanning","",""
"1463070403886059571","GGAIZ#7546","2026-05-07T16:15:45.5430000-04:00","GGAIZ Bot has stopped","",""
"1463070403886059571","GGAIZ#7546","2026-05-08T09:00:45.4650000-04:00","GGAIZ Bot has started","",""
"1463070403886059571","GGAIZ#7546","2026-05-08T09:00:45.9120000-04:00","GGAIZ Bot started scanning","",""
"1463070403886059571","GGAIZ#7546","2026-05-08T13:25:47.0840000-04:00","@GGAIZ's Alerts","",""
"1463070403886059571","GGAIZ#7546","2026-05-08T14:25:47.8900000-04:00","@GGAIZ's Alerts","",""
"1463070403886059571","GGAIZ#7546","2026-05-08T15:20:48.0160000-04:00","@GGAIZ's Alerts","",""
"1463070403886059571","GGAIZ#7546","2026-05-08T16:15:45.4590000-04:00","GGAIZ Bot stopped scanning","",""
"1463070403886059571","GGAIZ#7546","2026-05-08T16:15:46.5630000-04:00","GGAIZ Bot has stopped","",""
"1463070403886059571","GGAIZ#7546","2026-05-11T09:00:45.8910000-04:00","GGAIZ Bot has started","",""
"1463070403886059571","GGAIZ#7546","2026-05-11T09:00:46.6860000-04:00","GGAIZ Bot started scanning","",""
"1463070403886059571","GGAIZ#7546","2026-05-11T15:40:47.2250000-04:00","@GGAIZ's Alerts","",""
"1463070403886059571","GGAIZ#7546","2026-05-11T16:15:45.4960000-04:00","GGAIZ Bot stopped scanning","",""
"1463070403886059571","GGAIZ#7546","2026-05-11T16:15:45.6450000-04:00","GGAIZ Bot has stopped","",""
"1463070403886059571","GGAIZ#7546","2026-05-12T09:00:45.4740000-04:00","GGAIZ Bot has started","",""
"1463070403886059571","GGAIZ#7546","2026-05-12T09:00:45.6670000-04:00","GGAIZ Bot started scanning","",""
"1463070403886059571","GGAIZ#7546","2026-05-12T09:32:13.9100000-04:00","@GGAIZ's Alerts","",""
"1463070403886059571","GGAIZ#7546","2026-05-12T10:45:47.7810000-04:00","@GGAIZ's Alerts","",""
"1463070403886059571","GGAIZ#7546","2026-05-12T12:05:50.5950000-04:00","@GGAIZ's Alerts","",""
"1463070403886059571","GGAIZ#7546","2026-05-12T12:40:50.0700000-04:00","@GGAIZ's Alerts","",""
"1463070403886059571","GGAIZ#7546","2026-05-12T13:50:46.9140000-04:00","@GGAIZ's Alerts","",""
"1463070403886059571","GGAIZ#7546","2026-05-12T13:55:47.3900000-04:00","@GGAIZ's Alerts","",""
"1463070403886059571","GGAIZ#7546","2026-05-12T14:55:48.3000000-04:00","@GGAIZ's Alerts","",""
"1463070403886059571","GGAIZ#7546","2026-05-12T15:51:01.6260000-04:00","@GGAIZ's Alerts","",""
"1463070403886059571","GGAIZ#7546","2026-05-12T16:15:45.5240000-04:00","GGAIZ Bot stopped scanning","",""
"1463070403886059571","GGAIZ#7546","2026-05-12T16:15:45.7290000-04:00","GGAIZ Bot has stopped","",""
"1463070403886059571","GGAIZ#7546","2026-05-13T09:00:45.4510000-04:00","GGAIZ Bot has started","",""
"1463070403886059571","GGAIZ#7546","2026-05-13T09:00:45.9420000-04:00","GGAIZ Bot started scanning","",""
"1463070403886059571","GGAIZ#7546","2026-05-13T09:50:53.2080000-04:00","@GGAIZ's Alerts","",""
"1463070403886059571","GGAIZ#7546","2026-05-13T12:30:50.0510000-04:00","@GGAIZ's Alerts","",""
"1463070403886059571","GGAIZ#7546","2026-05-13T13:15:46.2330000-04:00","@GGAIZ's Alerts","",""
"1463070403886059571","GGAIZ#7546","2026-05-13T14:10:46.6120000-04:00","@GGAIZ's Alerts","",""
"1463070403886059571","GGAIZ#7546","2026-05-13T15:25:46.9050000-04:00","@GGAIZ's Alerts","",""
"1463070403886059571","GGAIZ#7546","2026-05-13T15:35:46.6800000-04:00","@GGAIZ's Alerts","",""
"1463070403886059571","GGAIZ#7546","2026-05-13T16:15:45.4790000-04:00","GGAIZ Bot stopped scanning","",""
"1463070403886059571","GGAIZ#7546","2026-05-13T16:15:45.8290000-04:00","GGAIZ Bot has stopped","",""
"1463070403886059571","GGAIZ#7546","2026-05-14T09:00:45.5250000-04:00","GGAIZ Bot has started","",""
"1463070403886059571","GGAIZ#7546","2026-05-14T09:00:45.7800000-04:00","GGAIZ Bot started scanning","",""
"1463070403886059571","GGAIZ#7546","2026-05-14T13:26:12.4270000-04:00","@GGAIZ's Alerts","",""
"1463070403886059571","GGAIZ#7546","2026-05-14T14:25:46.2280000-04:00","@GGAIZ's Alerts","",""
"1463070403886059571","GGAIZ#7546","2026-05-14T14:30:46.7640000-04:00","@GGAIZ's Alerts","",""
"1463070403886059571","GGAIZ#7546","2026-05-14T15:30:47.4900000-04:00","@GGAIZ's Alerts","",""
"1463070403886059571","GGAIZ#7546","2026-05-14T16:15:45.4420000-04:00","GGAIZ Bot stopped scanning","",""
"1463070403886059571","GGAIZ#7546","2026-05-14T16:15:45.6020000-04:00","GGAIZ Bot has stopped","",""
"1463070403886059571","GGAIZ#7546","2026-05-15T09:00:45.4930000-04:00","GGAIZ Bot has started","",""
"1463070403886059571","GGAIZ#7546","2026-05-15T09:00:45.7320000-04:00","GGAIZ Bot started scanning","",""
"1463070403886059571","GGAIZ#7546","2026-05-15T09:20:47.1740000-04:00","@GGAIZ's Alerts","",""
"1463070403886059571","GGAIZ#7546","2026-05-15T10:15:46.6580000-04:00","@GGAIZ's Alerts","",""
"1463070403886059571","GGAIZ#7546","2026-05-15T12:15:49.3920000-04:00","@GGAIZ's Alerts","",""
"1463070403886059571","GGAIZ#7546","2026-05-15T16:15:45.4980000-04:00","GGAIZ Bot stopped scanning","",""
"1463070403886059571","GGAIZ#7546","2026-05-15T16:15:45.7450000-04:00","GGAIZ Bot has stopped","",""
"1463070403886059571","GGAIZ#7546","2026-05-18T09:00:45.5540000-04:00","GGAIZ Bot has started","",""
"1463070403886059571","GGAIZ#7546","2026-05-18T09:00:46.2170000-04:00","GGAIZ Bot started scanning","",""
"1463070403886059571","GGAIZ#7546","2026-05-18T09:31:14.0530000-04:00","@GGAIZ's Alerts","",""
"1463070403886059571","GGAIZ#7546","2026-05-18T09:35:46.5660000-04:00","@GGAIZ's Alerts","",""
"1463070403886059571","GGAIZ#7546","2026-05-18T10:55:46.1200000-04:00","@GGAIZ's Alerts","",""
"1463070403886059571","GGAIZ#7546","2026-05-18T16:15:45.4600000-04:00","GGAIZ Bot stopped scanning","",""
"1463070403886059571","GGAIZ#7546","2026-05-18T16:15:45.6200000-04:00","GGAIZ Bot has stopped","",""
"1463070403886059571","GGAIZ#7546","2026-05-19T09:00:45.4490000-04:00","GGAIZ Bot has started","",""
"1463070403886059571","GGAIZ#7546","2026-05-19T09:00:45.6520000-04:00","GGAIZ Bot started scanning","",""
"1463070403886059571","GGAIZ#7546","2026-05-19T10:15:46.4080000-04:00","@GGAIZ's Alerts","",""
"1463070403886059571","GGAIZ#7546","2026-05-19T11:35:47.4810000-04:00","@GGAIZ's Alerts","",""
"1463070403886059571","GGAIZ#7546","2026-05-19T12:20:49.7960000-04:00","@GGAIZ's Alerts","",""
"1463070403886059571","GGAIZ#7546","2026-05-19T13:10:47.7370000-04:00","@GGAIZ's Alerts","",""
"1463070403886059571","GGAIZ#7546","2026-05-19T14:00:48.1860000-04:00","@GGAIZ's Alerts","",""
"1463070403886059571","GGAIZ#7546","2026-05-19T14:20:47.1810000-04:00","@GGAIZ's Alerts","",""
"1463070403886059571","GGAIZ#7546","2026-05-19T15:35:49.1680000-04:00","@GGAIZ's Alerts","",""
"1463070403886059571","GGAIZ#7546","2026-05-19T16:15:45.5460000-04:00","GGAIZ Bot stopped scanning","",""
"1463070403886059571","GGAIZ#7546","2026-05-19T16:15:45.9160000-04:00","GGAIZ Bot has stopped","",""
"1463070403886059571","GGAIZ#7546","2026-05-20T09:00:45.4070000-04:00","GGAIZ Bot has started","",""
"1463070403886059571","GGAIZ#7546","2026-05-20T09:00:45.7140000-04:00","GGAIZ Bot started scanning","",""
"1463070403886059571","GGAIZ#7546","2026-05-20T09:10:47.2730000-04:00","@GGAIZ's Alerts","",""
"1463070403886059571","GGAIZ#7546","2026-05-20T13:45:48.9470000-04:00","@GGAIZ's Alerts","",""
"1463070403886059571","GGAIZ#7546","2026-05-20T14:20:47.0880000-04:00","@GGAIZ's Alerts","",""
"1463070403886059571","GGAIZ#7546","2026-05-20T15:20:46.3050000-04:00","@GGAIZ's Alerts","",""
"1463070403886059571","GGAIZ#7546","2026-05-20T16:05:46.4140000-04:00","@GGAIZ's Alerts","",""
"1463070403886059571","GGAIZ#7546","2026-05-20T16:15:45.4420000-04:00","GGAIZ Bot stopped scanning","",""
"1463070403886059571","GGAIZ#7546","2026-05-20T16:15:45.6640000-04:00","GGAIZ Bot has stopped","",""
"1463070403886059571","GGAIZ#7546","2026-05-21T09:00:45.5320000-04:00","GGAIZ Bot has started","",""
"1463070403886059571","GGAIZ#7546","2026-05-21T09:00:45.9010000-04:00","GGAIZ Bot started scanning","",""
"1463070403886059571","GGAIZ#7546","2026-05-21T09:45:46.8990000-04:00","@GGAIZ's Alerts","",""
"1463070403886059571","GGAIZ#7546","2026-05-21T10:10:46.8330000-04:00","@GGAIZ's Alerts","",""
"1463070403886059571","GGAIZ#7546","2026-05-21T12:40:48.3990000-04:00","@GGAIZ's Alerts","",""
"1463070403886059571","GGAIZ#7546","2026-05-21T14:25:52.9870000-04:00","@GGAIZ's Alerts","",""
"1463070403886059571","GGAIZ#7546","2026-05-21T14:50:47.9880000-04:00","@GGAIZ's Alerts","",""
"1463070403886059571","GGAIZ#7546","2026-05-21T15:46:14.7100000-04:00","@GGAIZ's Alerts","",""
"1463070403886059571","GGAIZ#7546","2026-05-21T16:10:47.0620000-04:00","@GGAIZ's Alerts","",""
"1463070403886059571","GGAIZ#7546","2026-05-21T16:15:45.4260000-04:00","GGAIZ Bot stopped scanning","",""
"1463070403886059571","GGAIZ#7546","2026-05-21T16:15:45.7870000-04:00","GGAIZ Bot has stopped","",""
"1463070403886059571","GGAIZ#7546","2026-05-22T09:00:45.4590000-04:00","GGAIZ Bot has started","",""
"1463070403886059571","GGAIZ#7546","2026-05-22T09:00:45.6590000-04:00","GGAIZ Bot started scanning","",""
"1463070403886059571","GGAIZ#7546","2026-05-22T09:15:47.0930000-04:00","@GGAIZ's Alerts","",""
"1463070403886059571","GGAIZ#7546","2026-05-22T12:07:29.6680000-04:00","GGAIZ Bot has started","",""
"1463070403886059571","GGAIZ#7546","2026-05-22T12:07:30.0690000-04:00","GGAIZ Bot started scanning","",""
"1463070403886059571","GGAIZ#7546","2026-05-22T15:26:24.9380000-04:00","GGAIZ Bot has started","",""
"1463070403886059571","GGAIZ#7546","2026-05-22T15:26:25.1580000-04:00","GGAIZ Bot started scanning","",""
"1463070403886059571","GGAIZ#7546","2026-05-22T16:01:26.7430000-04:00","@GGAIZ's Alerts","",""
"1463070403886059571","GGAIZ#7546","2026-05-22T16:15:24.8410000-04:00","GGAIZ Bot stopped scanning","",""
"1463070403886059571","GGAIZ#7546","2026-05-22T16:15:25.1310000-04:00","GGAIZ Bot has stopped","",""
"1463070403886059571","GGAIZ#7546","2026-05-26T09:00:43.2710000-04:00","GGAIZ Bot has started","",""
"1463070403886059571","GGAIZ#7546","2026-05-26T09:00:43.4890000-04:00","GGAIZ Bot started scanning","",""
"1463070403886059571","GGAIZ#7546","2026-05-26T16:15:43.1780000-04:00","GGAIZ Bot stopped scanning","",""
"1463070403886059571","GGAIZ#7546","2026-05-26T16:15:43.5040000-04:00","GGAIZ Bot has stopped","",""
"1463070403886059571","GGAIZ#7546","2026-05-27T09:00:43.3190000-04:00","GGAIZ Bot has started","",""
"1463070403886059571","GGAIZ#7546","2026-05-27T09:00:43.6280000-04:00","GGAIZ Bot started scanning","",""
"1463070403886059571","GGAIZ#7546","2026-05-27T10:20:44.2290000-04:00","@GGAIZ's Alerts","",""
"1463070403886059571","GGAIZ#7546","2026-05-27T12:40:44.7360000-04:00","@GGAIZ's Alerts","",""
"1463070403886059571","GGAIZ#7546","2026-05-27T13:20:44.4920000-04:00","@GGAIZ's Alerts","",""
"1463070403886059571","GGAIZ#7546","2026-05-27T14:10:46.8810000-04:00","@GGAIZ's Alerts","",""
"1463070403886059571","GGAIZ#7546","2026-05-27T14:55:44.5430000-04:00","@GGAIZ's Alerts","",""
"1463070403886059571","GGAIZ#7546","2026-05-27T15:15:44.8520000-04:00","@GGAIZ's Alerts","",""
"1463070403886059571","GGAIZ#7546","2026-05-27T16:05:46.2660000-04:00","@GGAIZ's Alerts","",""
"1463070403886059571","GGAIZ#7546","2026-05-27T16:15:43.2420000-04:00","GGAIZ Bot stopped scanning","",""
"1463070403886059571","GGAIZ#7546","2026-05-27T16:15:43.4500000-04:00","GGAIZ Bot has stopped","",""
"1463070403886059571","GGAIZ#7546","2026-05-28T04:22:02.5450000-04:00","🟡 GGAIZ Bot online — market CLOSED (before open). Waiting for open.","",""
"1463070403886059571","GGAIZ#7546","2026-05-28T09:00:02.7860000-04:00","GGAIZ Bot has started","",""
"1463070403886059571","GGAIZ#7546","2026-05-28T09:00:03.1870000-04:00","GGAIZ Bot started scanning — open (closes 04:15 PM ET)","",""
"1463070403886059571","GGAIZ#7546","2026-05-28T09:00:05.7730000-04:00","@GGAIZ's Alerts","",""
"1463070403886059571","GGAIZ#7546","2026-05-28T10:40:35.5180000-04:00","@GGAIZ's Alerts","",""
"1463070403886059571","GGAIZ#7546","2026-05-28T12:35:05.3190000-04:00","@GGAIZ's Alerts","",""
"1463070403886059571","GGAIZ#7546","2026-05-28T13:45:41.1020000-04:00","@GGAIZ's Alerts","",""
"1463070403886059571","GGAIZ#7546","2026-05-28T14:55:12.8060000-04:00","@GGAIZ's Alerts","",""
"1463070403886059571","GGAIZ#7546","2026-05-28T16:15:02.8550000-04:00","GGAIZ Bot stopped scanning (after close)","",""
"1463070403886059571","GGAIZ#7546","2026-05-28T16:15:03.3470000-04:00","GGAIZ Bot has stopped","",""
"1463070403886059571","GGAIZ#7546","2026-05-29T01:55:16.2660000-04:00","🟡 GGAIZ Bot online — market CLOSED (before open). Waiting for open.","",""
"1463070403886059571","GGAIZ#7546","2026-05-29T09:00:16.5230000-04:00","GGAIZ Bot has started","",""
"1463070403886059571","GGAIZ#7546","2026-05-29T09:00:16.8390000-04:00","GGAIZ Bot started scanning — open (closes 04:15 PM ET)","",""
"1463070403886059571","GGAIZ#7546","2026-05-29T10:55:47.3100000-04:00","@GGAIZ's Alerts","",""
"1463070403886059571","GGAIZ#7546","2026-05-29T11:45:19.0740000-04:00","@GGAIZ's Alerts","",""
"1463070403886059571","GGAIZ#7546","2026-05-29T12:00:17.1320000-04:00","@GGAIZ's Alerts","",""
"1463070403886059571","GGAIZ#7546","2026-05-29T12:50:18.6970000-04:00","@GGAIZ's Alerts","",""
"1463070403886059571","GGAIZ#7546","2026-05-29T13:00:27.4040000-04:00","@GGAIZ's Alerts","",""
"1463070403886059571","GGAIZ#7546","2026-05-29T13:40:37.5090000-04:00","@GGAIZ's Alerts","",""
"1463070403886059571","GGAIZ#7546","2026-05-29T14:10:17.4370000-04:00","@GGAIZ's Alerts","",""
"1463070403886059571","GGAIZ#7546","2026-05-29T15:50:42.6090000-04:00","@GGAIZ's Alerts","",""
"1463070403886059571","GGAIZ#7546","2026-05-29T16:00:20.9710000-04:00","@GGAIZ's Alerts","",""
"1463070403886059571","GGAIZ#7546","2026-05-29T16:15:16.5340000-04:00","GGAIZ Bot stopped scanning (after close)","",""
"1463070403886059571","GGAIZ#7546","2026-05-29T16:15:16.8450000-04:00","GGAIZ Bot has stopped","",""
"1463070403886059571","GGAIZ#7546","2026-06-01T09:00:16.5120000-04:00","GGAIZ Bot has started","",""
"1463070403886059571","GGAIZ#7546","2026-06-01T09:00:16.9620000-04:00","GGAIZ Bot started scanning — open (closes 04:15 PM ET)","",""
"1463070403886059571","GGAIZ#7546","2026-06-01T11:35:17.3950000-04:00","@GGAIZ's Alerts","",""
"1463070403886059571","GGAIZ#7546","2026-06-01T12:25:38.0400000-04:00","@GGAIZ's Alerts","",""
"1463070403886059571","GGAIZ#7546","2026-06-01T13:20:17.1690000-04:00","@GGAIZ's Alerts","",""
"1463070403886059571","GGAIZ#7546","2026-06-01T14:25:17.2070000-04:00","@GGAIZ's Alerts","",""
"1463070403886059571","GGAIZ#7546","2026-06-01T14:35:17.5810000-04:00","@GGAIZ's Alerts","",""
"1463070403886059571","GGAIZ#7546","2026-06-01T15:20:20.6160000-04:00","@GGAIZ's Alerts","",""
"1463070403886059571","GGAIZ#7546","2026-06-01T16:15:16.4360000-04:00","GGAIZ Bot stopped scanning (after close)","",""
"1463070403886059571","GGAIZ#7546","2026-06-01T16:15:16.6370000-04:00","GGAIZ Bot has stopped","",""
"1463070403886059571","GGAIZ#7546","2026-06-02T09:00:16.4910000-04:00","GGAIZ Bot has started","",""
"1463070403886059571","GGAIZ#7546","2026-06-02T09:00:16.7130000-04:00","GGAIZ Bot started scanning — open (closes 04:15 PM ET)","",""
"1463070403886059571","GGAIZ#7546","2026-06-02T10:25:20.0460000-04:00","@GGAIZ's Alerts","",""
"1463070403886059571","GGAIZ#7546","2026-06-02T12:05:19.0270000-04:00","@GGAIZ's Alerts","",""
"1463070403886059571","GGAIZ#7546","2026-06-02T16:15:16.5480000-04:00","GGAIZ Bot stopped scanning (after close)","",""
"1463070403886059571","GGAIZ#7546","2026-06-02T16:15:16.9000000-04:00","GGAIZ Bot has stopped","",""
"1463070403886059571","GGAIZ#7546","2026-06-03T09:00:16.4960000-04:00","GGAIZ Bot has started","",""
"1463070403886059571","GGAIZ#7546","2026-06-03T09:00:17.0100000-04:00","GGAIZ Bot started scanning — open (closes 04:15 PM ET)","",""
"1463070403886059571","GGAIZ#7546","2026-06-03T09:30:31.4040000-04:00","@GGAIZ's Alerts","",""
"1463070403886059571","GGAIZ#7546","2026-06-03T16:15:16.5210000-04:00","GGAIZ Bot stopped scanning (after close)","",""
"1463070403886059571","GGAIZ#7546","2026-06-03T16:15:16.7470000-04:00","GGAIZ Bot has stopped","",""
"1463070403886059571","GGAIZ#7546","2026-06-04T09:00:16.5880000-04:00","GGAIZ Bot has started","",""
"1463070403886059571","GGAIZ#7546","2026-06-04T09:00:16.8990000-04:00","GGAIZ Bot started scanning — open (closes 04:15 PM ET)","",""
"1463070403886059571","GGAIZ#7546","2026-06-04T09:34:14.2190000-04:00","✅ GGAIZ Bot online — market OPEN, open (closes 04:15 PM ET). Starting scan.","",""
"1463070403886059571","GGAIZ#7546","2026-06-04T09:34:14.5560000-04:00","GGAIZ Bot has started","",""
"1463070403886059571","GGAIZ#7546","2026-06-04T09:34:14.7770000-04:00","GGAIZ Bot started scanning — open (closes 04:15 PM ET)","",""
"1463070403886059571","GGAIZ#7546","2026-06-04T09:39:17.2350000-04:00","@GGAIZ's Alerts","",""
"1463070403886059571","GGAIZ#7546","2026-06-04T10:59:18.3980000-04:00","@GGAIZ's Alerts","",""
"1463070403886059571","GGAIZ#7546","2026-06-04T12:14:15.1640000-04:00","@GGAIZ's Alerts","",""
"1463070403886059571","GGAIZ#7546","2026-06-04T12:34:19.4780000-04:00","@GGAIZ's Alerts","",""
"1463070403886059571","GGAIZ#7546","2026-06-04T13:24:16.5200000-04:00","@GGAIZ's Alerts","",""
"1463070403886059571","GGAIZ#7546","2026-06-04T14:19:18.8390000-04:00","@GGAIZ's Alerts","",""
"1463070403886059571","GGAIZ#7546","2026-06-04T16:14:15.9360000-04:00","@GGAIZ's Alerts","",""
"1463070403886059571","GGAIZ#7546","2026-06-04T16:15:14.5790000-04:00","GGAIZ Bot stopped scanning (after close)","",""
"1463070403886059571","GGAIZ#7546","2026-06-04T16:15:14.8280000-04:00","GGAIZ Bot has stopped","",""
"1463070403886059571","GGAIZ#7546","2026-06-05T09:00:14.6530000-04:00","GGAIZ Bot has started","",""
"1463070403886059571","GGAIZ#7546","2026-06-05T09:00:15.0850000-04:00","GGAIZ Bot started scanning — open (closes 04:15 PM ET)","",""
"1463070403886059571","GGAIZ#7546","2026-06-05T09:10:15.5980000-04:00","@GGAIZ's Alerts","",""
"1463070403886059571","GGAIZ#7546","2026-06-05T10:10:19.2160000-04:00","@GGAIZ's Alerts","",""
"1463070403886059571","GGAIZ#7546","2026-06-05T10:55:17.2850000-04:00","@GGAIZ's Alerts","",""
"1463070403886059571","GGAIZ#7546","2026-06-05T11:00:17.6260000-04:00","@GGAIZ's Alerts","",""
"1463070403886059571","GGAIZ#7546","2026-06-05T11:50:16.8530000-04:00","@GGAIZ's Alerts","",""
"1463070403886059571","GGAIZ#7546","2026-06-05T11:50:26.5200000-04:00","@GGAIZ's Alerts","",""
"1463070403886059571","GGAIZ#7546","2026-06-05T12:55:16.4550000-04:00","@GGAIZ's Alerts","",""
"1463070403886059571","GGAIZ#7546","2026-06-05T16:15:14.5930000-04:00","GGAIZ Bot stopped scanning (after close)","",""
"1463070403886059571","GGAIZ#7546","2026-06-05T16:15:14.7540000-04:00","GGAIZ Bot has stopped","",""
"1463070403886059571","GGAIZ#7546","2026-06-08T09:00:14.6090000-04:00","GGAIZ Bot has started","",""
"1463070403886059571","GGAIZ#7546","2026-06-08T09:00:14.8590000-04:00","GGAIZ Bot started scanning — open (closes 04:15 PM ET)","",""
"1463070403886059571","GGAIZ#7546","2026-06-08T09:20:16.2100000-04:00","@GGAIZ's Alerts","",""
"1463070403886059571","GGAIZ#7546","2026-06-08T09:25:15.2750000-04:00","@GGAIZ's Alerts","",""
"1463070403886059571","GGAIZ#7546","2026-06-08T10:30:15.7370000-04:00","@GGAIZ's Alerts","",""
"1463070403886059571","GGAIZ#7546","2026-06-08T10:55:17.0400000-04:00","@GGAIZ's Alerts","",""
"1463070403886059571","GGAIZ#7546","2026-06-08T11:45:16.4720000-04:00","@GGAIZ's Alerts","",""
"1463070403886059571","GGAIZ#7546","2026-06-08T16:15:14.5290000-04:00","GGAIZ Bot stopped scanning (after close)","",""
"1463070403886059571","GGAIZ#7546","2026-06-08T16:15:14.7640000-04:00","GGAIZ Bot has stopped","",""
"1463070403886059571","GGAIZ#7546","2026-06-09T09:00:14.5650000-04:00","GGAIZ Bot has started","",""
"1463070403886059571","GGAIZ#7546","2026-06-09T09:00:14.9350000-04:00","GGAIZ Bot started scanning — open (closes 04:15 PM ET)","",""
"1463070403886059571","GGAIZ#7546","2026-06-09T13:50:33.9840000-04:00","@GGAIZ's Alerts","",""
"1463070403886059571","GGAIZ#7546","2026-06-09T13:51:16.8670000-04:00","@GGAIZ's Alerts","",""
"1463070403886059571","GGAIZ#7546","2026-06-09T14:45:38.6780000-04:00","@GGAIZ's Alerts","",""
"1463070403886059571","GGAIZ#7546","2026-06-09T15:55:32.8360000-04:00","@GGAIZ's Alerts","",""
"1463070403886059571","GGAIZ#7546","2026-06-09T16:15:14.5680000-04:00","GGAIZ Bot stopped scanning (after close)","",""
"1463070403886059571","GGAIZ#7546","2026-06-09T16:15:15.0880000-04:00","GGAIZ Bot has stopped","",""
"1463070403886059571","GGAIZ#7546","2026-06-10T09:00:14.6740000-04:00","GGAIZ Bot has started","",""
"1463070403886059571","GGAIZ#7546","2026-06-10T09:00:15.0860000-04:00","GGAIZ Bot started scanning — open (closes 04:15 PM ET)","",""
"1463070403886059571","GGAIZ#7546","2026-06-10T09:55:16.1810000-04:00","@GGAIZ's Alerts","",""
"1463070403886059571","GGAIZ#7546","2026-06-10T11:25:21.8320000-04:00","@GGAIZ's Alerts","",""
"1463070403886059571","GGAIZ#7546","2026-06-10T12:25:37.5690000-04:00","@GGAIZ's Alerts","",""
"1463070403886059571","GGAIZ#7546","2026-06-10T16:15:14.6120000-04:00","GGAIZ Bot stopped scanning (after close)","",""
"1463070403886059571","GGAIZ#7546","2026-06-10T16:15:15.1920000-04:00","GGAIZ Bot has stopped","",""
"1463070403886059571","GGAIZ#7546","2026-06-11T09:00:14.7250000-04:00","GGAIZ Bot has started","",""
"1463070403886059571","GGAIZ#7546","2026-06-11T09:00:15.0780000-04:00","GGAIZ Bot started scanning — open (closes 04:15 PM ET)","",""
"1463070403886059571","GGAIZ#7546","2026-06-11T09:20:15.8910000-04:00","@GGAIZ's Alerts","",""
"1463070403886059571","GGAIZ#7546","2026-06-11T10:25:46.3910000-04:00","@GGAIZ's Alerts","",""
"1463070403886059571","GGAIZ#7546","2026-06-11T11:10:47.3690000-04:00","@GGAIZ's Alerts","",""
"1463070403886059571","GGAIZ#7546","2026-06-11T12:20:17.9650000-04:00","@GGAIZ's Alerts","",""
"1463070403886059571","GGAIZ#7546","2026-06-11T13:30:27.1240000-04:00","@GGAIZ's Alerts","",""
"1463070403886059571","GGAIZ#7546","2026-06-11T14:20:19.6600000-04:00","@GGAIZ's Alerts","",""
"1463070403886059571","GGAIZ#7546","2026-06-11T16:15:14.5780000-04:00","GGAIZ Bot stopped scanning (after close)","",""
"1463070403886059571","GGAIZ#7546","2026-06-11T16:15:14.7810000-04:00","GGAIZ Bot has stopped","",""
"1463070403886059571","GGAIZ#7546","2026-06-12T09:00:14.5680000-04:00","GGAIZ Bot has started","",""
"1463070403886059571","GGAIZ#7546","2026-06-12T09:00:14.7550000-04:00","GGAIZ Bot started scanning — open (closes 04:15 PM ET)","",""
"1463070403886059571","GGAIZ#7546","2026-06-12T09:30:28.4980000-04:00","@GGAIZ's Alerts","",""
"1463070403886059571","GGAIZ#7546","2026-06-12T10:40:18.5020000-04:00","@GGAIZ's Alerts","",""
"1463070403886059571","GGAIZ#7546","2026-06-12T11:25:22.4970000-04:00","@GGAIZ's Alerts","",""
"1463070403886059571","GGAIZ#7546","2026-06-12T11:25:28.4580000-04:00","@GGAIZ's Alerts","",""
"1463070403886059571","GGAIZ#7546","2026-06-12T15:45:19.1120000-04:00","@GGAIZ's Alerts","",""
"1463070403886059571","GGAIZ#7546","2026-06-12T16:15:14.5630000-04:00","GGAIZ Bot stopped scanning (after close)","",""
"1463070403886059571","GGAIZ#7546","2026-06-12T16:15:14.9370000-04:00","GGAIZ Bot has stopped","",""
"1463070403886059571","GGAIZ#7546","2026-06-15T09:00:14.6420000-04:00","GGAIZ Bot has started","",""
"1463070403886059571","GGAIZ#7546","2026-06-15T09:00:15.0670000-04:00","GGAIZ Bot started scanning — open (closes 04:15 PM ET)","",""
"1463070403886059571","GGAIZ#7546","2026-06-15T10:25:17.6070000-04:00","@GGAIZ's Alerts","",""
"1463070403886059571","GGAIZ#7546","2026-06-15T11:30:23.5350000-04:00","@GGAIZ's Alerts","",""
"1463070403886059571","GGAIZ#7546","2026-06-15T11:50:16.2550000-04:00","@GGAIZ's Alerts","",""
"1463070403886059571","GGAIZ#7546","2026-06-15T12:35:24.8160000-04:00","@GGAIZ's Alerts","",""
"1463070403886059571","GGAIZ#7546","2026-06-15T14:10:17.1760000-04:00","@GGAIZ's Alerts","",""
"1463070403886059571","GGAIZ#7546","2026-06-15T15:15:16.0390000-04:00","@GGAIZ's Alerts","",""
"1463070403886059571","GGAIZ#7546","2026-06-15T15:15:23.7410000-04:00","@GGAIZ's Alerts","",""
"1463070403886059571","GGAIZ#7546","2026-06-15T16:15:14.5580000-04:00","GGAIZ Bot stopped scanning (after close)","",""
"1463070403886059571","GGAIZ#7546","2026-06-15T16:15:16.4750000-04:00","GGAIZ Bot has stopped","",""
"1463070403886059571","GGAIZ#7546","2026-06-16T09:00:14.6300000-04:00","GGAIZ Bot has started","",""
"1463070403886059571","GGAIZ#7546","2026-06-16T09:00:15.1030000-04:00","GGAIZ Bot started scanning — open (closes 04:15 PM ET)","",""
"1463070403886059571","GGAIZ#7546","2026-06-16T09:40:16.6220000-04:00","@GGAIZ's Alerts","",""
"1463070403886059571","GGAIZ#7546","2026-06-16T10:15:16.9840000-04:00","@GGAIZ's Alerts","",""
"1463070403886059571","GGAIZ#7546","2026-06-16T11:35:22.2770000-04:00","@GGAIZ's Alerts","",""
"1463070403886059571","GGAIZ#7546","2026-06-16T12:45:16.8060000-04:00","@GGAIZ's Alerts","",""
"1463070403886059571","GGAIZ#7546","2026-06-16T13:15:17.5590000-04:00","@GGAIZ's Alerts","",""
"1463070403886059571","GGAIZ#7546","2026-06-16T14:05:15.5360000-04:00","@GGAIZ's Alerts","",""
"1463070403886059571","GGAIZ#7546","2026-06-16T14:05:22.4160000-04:00","@GGAIZ's Alerts","",""
"1463070403886059571","GGAIZ#7546","2026-06-16T15:05:17.6580000-04:00","@GGAIZ's Alerts","",""
"1463070403886059571","GGAIZ#7546","2026-06-16T16:05:36.0320000-04:00","@GGAIZ's Alerts","",""
"1463070403886059571","GGAIZ#7546","2026-06-16T16:15:14.6360000-04:00","GGAIZ Bot stopped scanning (after close)","",""
"1463070403886059571","GGAIZ#7546","2026-06-16T16:15:14.8250000-04:00","GGAIZ Bot has stopped","",""
"1463070403886059571","GGAIZ#7546","2026-06-17T09:00:14.6720000-04:00","GGAIZ Bot has started","",""
"1463070403886059571","GGAIZ#7546","2026-06-17T09:00:14.9140000-04:00","GGAIZ Bot started scanning — open (closes 04:15 PM ET)","",""
"1463070403886059571","GGAIZ#7546","2026-06-17T10:30:27.1640000-04:00","@GGAIZ's Alerts","",""
"1463070403886059571","GGAIZ#7546","2026-06-17T13:45:16.9250000-04:00","@GGAIZ's Alerts","",""
"1463070403886059571","GGAIZ#7546","2026-06-17T14:40:18.4490000-04:00","@GGAIZ's Alerts","",""
"1463070403886059571","GGAIZ#7546","2026-06-17T15:15:17.5290000-04:00","@GGAIZ's Alerts","",""
"1463070403886059571","GGAIZ#7546","2026-06-17T16:15:14.5310000-04:00","GGAIZ Bot stopped scanning (after close)","",""
"1463070403886059571","GGAIZ#7546","2026-06-17T16:15:14.8240000-04:00","GGAIZ Bot has stopped","",""
"1463070403886059571","GGAIZ#7546","2026-06-18T09:00:14.5470000-04:00","GGAIZ Bot has started","",""
"1463070403886059571","GGAIZ#7546","2026-06-18T09:00:14.7840000-04:00","GGAIZ Bot started scanning — open (closes 04:15 PM ET)","",""
"1463070403886059571","GGAIZ#7546","2026-06-18T09:05:14.9840000-04:00","@GGAIZ's Alerts","",""
"1463070403886059571","GGAIZ#7546","2026-06-18T09:15:15.2630000-04:00","@GGAIZ's Alerts","",""
"1463070403886059571","GGAIZ#7546","2026-06-18T10:25:15.2890000-04:00","@GGAIZ's Alerts","",""
"1463070403886059571","GGAIZ#7546","2026-06-18T12:15:16.7450000-04:00","@GGAIZ's Alerts","",""
"1463070403886059571","GGAIZ#7546","2026-06-18T15:20:16.5320000-04:00","@GGAIZ's Alerts","",""
"1463070403886059571","GGAIZ#7546","2026-06-18T16:15:14.6180000-04:00","GGAIZ Bot stopped scanning (after close)","",""
"1463070403886059571","GGAIZ#7546","2026-06-18T16:15:14.8440000-04:00","GGAIZ Bot has stopped","",""
"1463070403886059571","GGAIZ#7546","2026-06-22T09:00:14.6100000-04:00","GGAIZ Bot has started","",""
"1463070403886059571","GGAIZ#7546","2026-06-22T09:00:14.9750000-04:00","GGAIZ Bot started scanning — open (closes 04:15 PM ET)","",""
"1463070403886059571","GGAIZ#7546","2026-06-22T09:15:15.7500000-04:00","@GGAIZ's Alerts","",""
"1463070403886059571","GGAIZ#7546","2026-06-22T10:15:24.7670000-04:00","@GGAIZ's Alerts","",""
"1463070403886059571","GGAIZ#7546","2026-06-22T13:05:15.5950000-04:00","@GGAIZ's Alerts","",""
"1463070403886059571","GGAIZ#7546","2026-06-22T13:30:15.8640000-04:00","@GGAIZ's Alerts","",""
"1463070403886059571","GGAIZ#7546","2026-06-22T14:30:17.5320000-04:00","@GGAIZ's Alerts","",""
"1463070403886059571","GGAIZ#7546","2026-06-22T16:15:14.4970000-04:00","GGAIZ Bot stopped scanning (after close)","",""
"1463070403886059571","GGAIZ#7546","2026-06-22T16:15:14.9530000-04:00","GGAIZ Bot has stopped","",""
"1463070403886059571","GGAIZ#7546","2026-06-23T05:23:40.2440000-04:00","🟡 GGAIZ Bot online — market CLOSED (before open). Waiting for open.","",""
"1463070403886059571","GGAIZ#7546","2026-06-23T09:00:40.4190000-04:00","GGAIZ Bot has started","",""
"1463070403886059571","GGAIZ#7546","2026-06-23T09:00:40.7320000-04:00","GGAIZ Bot started scanning — open (closes 04:15 PM ET)","",""
"1463070403886059571","GGAIZ#7546","2026-06-23T09:35:42.8870000-04:00","@GGAIZ's Alerts","",""
"1463070403886059571","GGAIZ#7546","2026-06-23T10:25:42.4390000-04:00","@GGAIZ's Alerts","",""
"1463070403886059571","GGAIZ#7546","2026-06-23T11:10:41.6060000-04:00","@GGAIZ's Alerts","",""
"1463070403886059571","GGAIZ#7546","2026-06-23T11:35:42.2570000-04:00","@GGAIZ's Alerts","",""
"1463070403886059571","GGAIZ#7546","2026-06-23T12:20:41.5580000-04:00","@GGAIZ's Alerts","",""
"1463070403886059571","GGAIZ#7546","2026-06-23T12:55:43.8290000-04:00","@GGAIZ's Alerts","",""
"1463070403886059571","GGAIZ#7546","2026-06-23T14:55:42.1810000-04:00","@GGAIZ's Alerts","",""
"1463070403886059571","GGAIZ#7546","2026-06-23T15:30:42.9970000-04:00","@GGAIZ's Alerts","",""
"1463070403886059571","GGAIZ#7546","2026-06-23T16:10:42.0450000-04:00","@GGAIZ's Alerts","",""
"1463070403886059571","GGAIZ#7546","2026-06-23T16:15:40.3950000-04:00","GGAIZ Bot stopped scanning (after close)","",""
"1463070403886059571","GGAIZ#7546","2026-06-23T16:15:40.7080000-04:00","GGAIZ Bot has stopped","",""
"1463070403886059571","GGAIZ#7546","2026-06-24T09:00:40.5740000-04:00","GGAIZ Bot has started","",""
"1463070403886059571","GGAIZ#7546","2026-06-24T09:00:40.9530000-04:00","GGAIZ Bot started scanning — open (closes 04:15 PM ET)","",""
"1463070403886059571","GGAIZ#7546","2026-06-24T12:05:42.8400000-04:00","@GGAIZ's Alerts","",""
"1463070403886059571","GGAIZ#7546","2026-06-24T14:15:41.4230000-04:00","@GGAIZ's Alerts","",""
"1463070403886059571","GGAIZ#7546","2026-06-24T15:20:42.1890000-04:00","@GGAIZ's Alerts","",""
"1463070403886059571","GGAIZ#7546","2026-06-24T15:20:48.0670000-04:00","@GGAIZ's Alerts","",""
"1463070403886059571","GGAIZ#7546","2026-06-24T16:15:40.5270000-04:00","GGAIZ Bot stopped scanning (after close)","",""
"1463070403886059571","GGAIZ#7546","2026-06-24T16:15:40.7370000-04:00","GGAIZ Bot has stopped","",""
"1463070403886059571","GGAIZ#7546","2026-06-25T09:00:40.5150000-04:00","GGAIZ Bot has started","",""
"1463070403886059571","GGAIZ#7546","2026-06-25T09:00:41.0990000-04:00","GGAIZ Bot started scanning — open (closes 04:15 PM ET)","",""
"1463070403886059571","GGAIZ#7546","2026-06-25T10:20:41.5410000-04:00","@GGAIZ's Alerts","",""
"1463070403886059571","GGAIZ#7546","2026-06-25T10:35:41.7880000-04:00","@GGAIZ's Alerts","",""
"1463070403886059571","GGAIZ#7546","2026-06-25T11:55:48.2290000-04:00","@GGAIZ's Alerts","",""
"1463070403886059571","GGAIZ#7546","2026-06-25T12:25:43.7290000-04:00","@GGAIZ's Alerts","",""
"1463070403886059571","GGAIZ#7546","2026-06-25T12:50:42.4030000-04:00","@GGAIZ's Alerts","",""
"1463070403886059571","GGAIZ#7546","2026-06-25T14:55:43.0040000-04:00","@GGAIZ's Alerts","",""
"1463070403886059571","GGAIZ#7546","2026-06-25T16:15:40.5940000-04:00","GGAIZ Bot stopped scanning (after close)","",""
"1463070403886059571","GGAIZ#7546","2026-06-25T16:15:40.8750000-04:00","GGAIZ Bot has stopped","",""
"1463070403886059571","GGAIZ#7546","2026-06-26T09:00:40.5980000-04:00","GGAIZ Bot has started","",""
"1463070403886059571","GGAIZ#7546","2026-06-26T09:00:40.8080000-04:00","GGAIZ Bot started scanning — open (closes 04:15 PM ET)","",""
"1463070403886059571","GGAIZ#7546","2026-06-26T11:45:44.4870000-04:00","@GGAIZ's Alerts","",""
"1463070403886059571","GGAIZ#7546","2026-06-26T13:05:48.2180000-04:00","@GGAIZ's Alerts","",""
"1463070403886059571","GGAIZ#7546","2026-06-26T13:05:53.8910000-04:00","@GGAIZ's Alerts","",""
"1463070403886059571","GGAIZ#7546","2026-06-27T06:52:07.0370000-04:00","🟡 GGAIZ Bot online — market CLOSED (weekend). Waiting for open.","",""
"1463070403886059571","GGAIZ#7546","2026-06-27T17:45:57.9770000-04:00","🟡 GGAIZ Bot online — market CLOSED (weekend). Waiting for open.","",""
"1463070403886059571","GGAIZ#7546","2026-06-27T17:48:11.4100000-04:00","🟡 GGAIZ Bot online — market CLOSED (weekend). Waiting for open.","",""
"1463070403886059571","GGAIZ#7546","2026-06-27T18:11:10.6410000-04:00","🟡 GGAIZ Bot online — market CLOSED (weekend). Waiting for open.","",""
"1463070403886059571","GGAIZ#7546","2026-06-28T01:00:23.5480000-04:00","🟡 GGAIZ Bot online — market CLOSED (weekend). Waiting for open.","",""
"1463070403886059571","GGAIZ#7546","2026-06-28T01:05:11.5380000-04:00","🟡 GGAIZ Bot online — market CLOSED (weekend). Waiting for open.","",""
"1463070403886059571","GGAIZ#7546","2026-06-29T09:00:11.8600000-04:00","GGAIZ Bot has started","",""
"1463070403886059571","GGAIZ#7546","2026-06-29T09:00:12.2520000-04:00","GGAIZ Bot started scanning — open (closes 04:15 PM ET)","",""
"1463070403886059571","GGAIZ#7546","2026-06-29T16:15:11.7640000-04:00","GGAIZ Bot stopped scanning (after close)","",""
"1463070403886059571","GGAIZ#7546","2026-06-29T16:15:11.9920000-04:00","GGAIZ Bot has stopped","",""
"1463070403886059571","GGAIZ#7546","2026-06-29T21:33:24.6960000-04:00","🟡 GGAIZ Bot online — market CLOSED (after close). Waiting for open.","",""
"1463070403886059571","GGAIZ#7546","2026-06-30T09:00:25.0590000-04:00","GGAIZ Bot has started","",""
"1463070403886059571","GGAIZ#7546","2026-06-30T09:00:25.3510000-04:00","GGAIZ Bot started scanning — open (closes 04:15 PM ET)","",""
"1463070403886059571","GGAIZ#7546","2026-06-30T09:45:26.9650000-04:00","@GGAIZ's Alerts","",""
"1463070403886059571","GGAIZ#7546","2026-06-30T11:05:26.9740000-04:00","@GGAIZ's Alerts","",""
"1463070403886059571","GGAIZ#7546","2026-06-30T12:20:26.8340000-04:00","@GGAIZ's Alerts","",""
"1463070403886059571","GGAIZ#7546","2026-06-30T13:15:26.3860000-04:00","@GGAIZ's Alerts","",""
"1463070403886059571","GGAIZ#7546","2026-06-30T14:05:27.0220000-04:00","@GGAIZ's Alerts","",""
"1463070403886059571","GGAIZ#7546","2026-06-30T14:20:25.6770000-04:00","@GGAIZ's Alerts","",""
"1463070403886059571","GGAIZ#7546","2026-06-30T15:00:26.1990000-04:00","@GGAIZ's Alerts","",""
"1463070403886059571","GGAIZ#7546","2026-06-30T16:10:26.4120000-04:00","@GGAIZ's Alerts","",""
"1463070403886059571","GGAIZ#7546","2026-06-30T16:15:25.0510000-04:00","GGAIZ Bot stopped scanning (after close)","",""
"1463070403886059571","GGAIZ#7546","2026-06-30T16:15:25.2760000-04:00","GGAIZ Bot has stopped","",""
"1463070403886059571","GGAIZ#7546","2026-07-01T09:00:25.0500000-04:00","GGAIZ Bot has started","",""
"1463070403886059571","GGAIZ#7546","2026-07-01T09:00:25.2450000-04:00","GGAIZ Bot started scanning — open (closes 04:15 PM ET)","",""
"1463070403886059571","GGAIZ#7546","2026-07-01T09:37:49.7720000-04:00","✅ GGAIZ Bot online — market OPEN, open (closes 04:15 PM ET). Starting scan.","",""
"1463070403886059571","GGAIZ#7546","2026-07-01T09:37:49.9920000-04:00","GGAIZ Bot has started","",""
"1463070403886059571","GGAIZ#7546","2026-07-01T09:37:50.1290000-04:00","GGAIZ Bot started scanning — open (closes 04:15 PM ET)","",""
"1463070403886059571","GGAIZ#7546","2026-07-01T10:12:51.0470000-04:00","@GGAIZ's Alerts","",""
"1463070403886059571","GGAIZ#7546","2026-07-01T11:22:50.6320000-04:00","@GGAIZ's Alerts","",""
"1463070403886059571","GGAIZ#7546","2026-07-01T11:22:56.7600000-04:00","@GGAIZ's Alerts","",""
"1463070403886059571","GGAIZ#7546","2026-07-01T14:22:52.4550000-04:00","@GGAIZ's Alerts","",""
"1463070403886059571","GGAIZ#7546","2026-07-01T15:37:50.9440000-04:00","@GGAIZ's Alerts","",""
"1463070403886059571","GGAIZ#7546","2026-07-01T16:12:50.9550000-04:00","@GGAIZ's Alerts","",""
"1463070403886059571","GGAIZ#7546","2026-07-01T16:15:50.0940000-04:00","GGAIZ Bot stopped scanning (after close)","",""
"1463070403886059571","GGAIZ#7546","2026-07-01T16:15:50.3650000-04:00","GGAIZ Bot has stopped","",""
"1463070403886059571","GGAIZ#7546","2026-07-02T09:53:27.0590000-04:00","✅ GGAIZ Bot online — market OPEN, open (closes 04:15 PM ET). Starting scan.","",""
"1463070403886059571","GGAIZ#7546","2026-07-02T09:53:27.3280000-04:00","GGAIZ Bot has started","",""
"1463070403886059571","GGAIZ#7546","2026-07-02T09:53:27.5850000-04:00","GGAIZ Bot started scanning — open (closes 04:15 PM ET)","",""
"1463070403886059571","GGAIZ#7546","2026-07-02T10:38:29.7900000-04:00","@GGAIZ's Alerts","",""
"1463070403886059571","GGAIZ#7546","2026-07-02T10:53:29.2610000-04:00","@GGAIZ's Alerts","",""
"1463070403886059571","GGAIZ#7546","2026-07-02T12:03:31.9540000-04:00","@GGAIZ's Alerts","",""
"1463070403886059571","GGAIZ#7546","2026-07-02T13:08:30.5870000-04:00","@GGAIZ's Alerts","",""
"1463070403886059571","GGAIZ#7546","2026-07-02T14:43:29.2260000-04:00","@GGAIZ's Alerts","",""
"1463070403886059571","GGAIZ#7546","2026-07-02T16:15:27.3800000-04:00","GGAIZ Bot stopped scanning (after close)","",""
"1463070403886059571","GGAIZ#7546","2026-07-02T16:15:27.7220000-04:00","GGAIZ Bot has stopped","",""
"1463070403886059571","GGAIZ#7546","2026-07-02T21:53:32.8040000-04:00","🟡 GGAIZ Bot online — market CLOSED (after close). Waiting for open.","",""
"1463070403886059571","GGAIZ#7546","2026-07-03T09:54:33.9950000-04:00","🟡 GGAIZ Bot online — market CLOSED (holiday). Waiting for open.","",""
"1463070403886059571","GGAIZ#7546","2026-07-03T21:54:33.0850000-04:00","🟡 GGAIZ Bot online — market CLOSED (holiday). Waiting for open.","",""
"1463070403886059571","GGAIZ#7546","2026-07-04T09:54:32.4510000-04:00","🟡 GGAIZ Bot online — market CLOSED (weekend). Waiting for open.","",""
"1463070403886059571","GGAIZ#7546","2026-07-04T20:32:28.9370000-04:00","🟡 GGAIZ Bot online — market CLOSED (weekend). Waiting for open.","",""
"1463070403886059571","GGAIZ#7546","2026-07-04T21:55:32.1640000-04:00","🟡 GGAIZ Bot online — market CLOSED (weekend). Waiting for open.","",""
"1463070403886059571","GGAIZ#7546","2026-07-05T09:56:32.9210000-04:00","🟡 GGAIZ Bot online — market CLOSED (weekend). Waiting for open.","",""
"1463070403886059571","GGAIZ#7546","2026-07-05T21:56:33.7980000-04:00","🟡 GGAIZ Bot online — market CLOSED (weekend). Waiting for open.","",""
"1463070403886059571","GGAIZ#7546","2026-07-06T09:00:22.5350000-04:00","GGAIZ Bot has started","",""
"1463070403886059571","GGAIZ#7546","2026-07-06T09:00:23.0150000-04:00","GGAIZ Bot started scanning — open (closes 04:15 PM ET)","",""
"1463070403886059571","GGAIZ#7546","2026-07-06T09:31:01.1080000-04:00","GGAIZ Bot has started","",""
"1463070403886059571","GGAIZ#7546","2026-07-06T09:31:01.3450000-04:00","GGAIZ Bot started scanning — open (closes 04:15 PM ET)","",""
"1463070403886059571","GGAIZ#7546","2026-07-06T09:36:22.9940000-04:00","GGAIZ Bot has started","",""
"1463070403886059571","GGAIZ#7546","2026-07-06T09:36:23.2730000-04:00","GGAIZ Bot started scanning — open (closes 04:15 PM ET)","",""
"1463070403886059571","GGAIZ#7546","2026-07-06T09:52:13.5990000-04:00","GGAIZ Bot has started","",""
"1463070403886059571","GGAIZ#7546","2026-07-06T09:52:13.8210000-04:00","GGAIZ Bot started scanning — open (closes 04:15 PM ET)","",""
"1463070403886059571","GGAIZ#7546","2026-07-06T09:57:13.8760000-04:00","GGAIZ Bot has started","",""
"1463070403886059571","GGAIZ#7546","2026-07-06T09:57:14.1160000-04:00","GGAIZ Bot started scanning — open (closes 04:15 PM ET)","",""
"1463070403886059571","GGAIZ#7546","2026-07-06T14:57:15.6590000-04:00","@GGAIZ's Alerts","",""
"1463070403886059571","GGAIZ#7546","2026-07-06T15:22:14.8100000-04:00","@GGAIZ's Alerts","",""
"1463070403886059571","GGAIZ#7546","2026-07-06T16:15:13.8430000-04:00","GGAIZ Bot stopped scanning (after close)","",""
"1463070403886059571","GGAIZ#7546","2026-07-06T16:15:14.2050000-04:00","GGAIZ Bot has stopped","",""
"1463070403886059571","GGAIZ#7546","2026-07-07T09:00:13.3230000-04:00","GGAIZ Bot has started","",""
"1463070403886059571","GGAIZ#7546","2026-07-07T09:00:13.5840000-04:00","GGAIZ Bot started scanning — open (closes 04:15 PM ET)","",""
"1463070403886059571","GGAIZ#7546","2026-07-07T09:58:32.9990000-04:00","GGAIZ Bot has started","",""
"1463070403886059571","GGAIZ#7546","2026-07-07T09:58:33.3430000-04:00","GGAIZ Bot started scanning — open (closes 04:15 PM ET)","",""
"1463070403886059571","GGAIZ#7546","2026-07-07T10:23:33.7770000-04:00","@GGAIZ's Alerts","",""
"1463070403886059571","GGAIZ#7546","2026-07-07T11:13:35.4530000-04:00","@GGAIZ's Alerts","",""
"1463070403886059571","GGAIZ#7546","2026-07-07T11:33:34.5420000-04:00","@GGAIZ's Alerts","",""
"1463070403886059571","GGAIZ#7546","2026-07-07T12:23:35.9540000-04:00","@GGAIZ's Alerts","",""
"1463070403886059571","GGAIZ#7546","2026-07-07T12:48:33.9060000-04:00","@GGAIZ's Alerts","",""
"1463070403886059571","GGAIZ#7546","2026-07-07T13:28:33.6430000-04:00","@GGAIZ's Alerts","",""
"1463070403886059571","GGAIZ#7546","2026-07-07T14:03:35.5210000-04:00","@GGAIZ's Alerts","",""
"1463070403886059571","GGAIZ#7546","2026-07-07T14:23:34.5630000-04:00","@GGAIZ's Alerts","",""
"1463070403886059571","GGAIZ#7546","2026-07-07T15:48:34.2890000-04:00","@GGAIZ's Alerts","",""
"1463070403886059571","GGAIZ#7546","2026-07-07T16:15:32.9720000-04:00","GGAIZ Bot stopped scanning (after close)","",""
"1463070403886059571","GGAIZ#7546","2026-07-07T16:15:33.2730000-04:00","GGAIZ Bot has stopped","",""
"1463070403886059571","GGAIZ#7546","2026-07-08T09:00:33.8480000-04:00","GGAIZ Bot has started","",""
"1463070403886059571","GGAIZ#7546","2026-07-08T09:00:34.0220000-04:00","GGAIZ Bot started scanning — open (closes 04:15 PM ET)","",""
"1463070403886059571","GGAIZ#7546","2026-07-08T09:15:34.1800000-04:00","@GGAIZ's Alerts","",""
"1463070403886059571","GGAIZ#7546","2026-07-08T09:15:39.7720000-04:00","@GGAIZ's Alerts","",""
"1463070403886059571","GGAIZ#7546","2026-07-08T09:58:34.5790000-04:00","GGAIZ Bot has started","",""
"1463070403886059571","GGAIZ#7546","2026-07-08T09:58:34.7030000-04:00","GGAIZ Bot started scanning — open (closes 04:15 PM ET)","",""
"1463070403886059571","GGAIZ#7546","2026-07-08T10:58:36.1960000-04:00","@GGAIZ's Alerts","",""
"1463070403886059571","GGAIZ#7546","2026-07-08T11:58:35.6500000-04:00","@GGAIZ's Alerts","",""
"1463070403886059571","GGAIZ#7546","2026-07-08T12:03:35.6640000-04:00","@GGAIZ's Alerts","",""
"1463070403886059571","GGAIZ#7546","2026-07-08T12:48:36.1140000-04:00","@GGAIZ's Alerts","",""
"1463070403886059571","GGAIZ#7546","2026-07-08T12:48:42.8050000-04:00","@GGAIZ's Alerts","",""
"1463070403886059571","GGAIZ#7546","2026-07-08T14:43:35.6970000-04:00","@GGAIZ's Alerts","",""
"1463070403886059571","GGAIZ#7546","2026-07-08T14:43:42.4150000-04:00","@GGAIZ's Alerts","",""
"1463070403886059571","GGAIZ#7546","2026-07-08T16:15:34.5850000-04:00","GGAIZ Bot stopped scanning (after close)","",""
"1463070403886059571","GGAIZ#7546","2026-07-08T16:15:34.7910000-04:00","GGAIZ Bot has stopped","",""
"1463070403886059571","GGAIZ#7546","2026-07-09T09:00:34.1040000-04:00","GGAIZ Bot has started","",""
"1463070403886059571","GGAIZ#7546","2026-07-09T09:00:34.5050000-04:00","GGAIZ Bot started scanning — open (closes 04:15 PM ET)","",""
"1463070403886059571","GGAIZ#7546","2026-07-09T09:40:35.9270000-04:00","@GGAIZ's Alerts","",""
"1463070403886059571","GGAIZ#7546","2026-07-09T09:50:35.3530000-04:00","@GGAIZ's Alerts","",""
"1463070403886059571","GGAIZ#7546","2026-07-09T10:00:35.3310000-04:00","GGAIZ Bot has started","",""
"1463070403886059571","GGAIZ#7546","2026-07-09T10:00:35.9390000-04:00","GGAIZ Bot started scanning — open (closes 04:15 PM ET)","",""
"1463070403886059571","GGAIZ#7546","2026-07-09T10:30:36.8120000-04:00","@GGAIZ's Alerts","",""
"1463070403886059571","GGAIZ#7546","2026-07-09T10:30:41.6100000-04:00","@GGAIZ's Alerts","",""
"1463070403886059571","GGAIZ#7546","2026-07-09T12:55:35.7190000-04:00","@GGAIZ's Alerts","",""
"1463070403886059571","GGAIZ#7546","2026-07-09T14:10:35.9230000-04:00","@GGAIZ's Alerts","",""
"1463070403886059571","GGAIZ#7546","2026-07-09T16:15:35.1590000-04:00","GGAIZ Bot stopped scanning (after close)","",""
"1463070403886059571","GGAIZ#7546","2026-07-09T16:15:35.3530000-04:00","GGAIZ Bot has stopped","",""
"1463070403886059571","GGAIZ#7546","2026-07-10T09:00:02.7610000-04:00","GGAIZ Bot has started","",""
"1463070403886059571","GGAIZ#7546","2026-07-10T09:00:03.1070000-04:00","GGAIZ Bot started scanning — open (closes 04:15 PM ET)","",""
"1463070403886059571","GGAIZ#7546","2026-07-10T09:00:05.3360000-04:00","@GGAIZ's Alerts","",""
"1463070403886059571","GGAIZ#7546","2026-07-10T10:00:35.4170000-04:00","GGAIZ Bot has started","",""
"1463070403886059571","GGAIZ#7546","2026-07-10T10:00:35.6360000-04:00","GGAIZ Bot started scanning — open (closes 04:15 PM ET)","",""
"1463070403886059571","GGAIZ#7546","2026-07-10T13:50:36.5560000-04:00","@GGAIZ's Alerts","",""
"1463070403886059571","GGAIZ#7546","2026-07-10T14:35:36.1210000-04:00","@GGAIZ's Alerts","",""
"1463070403886059571","GGAIZ#7546","2026-07-10T16:15:35.5780000-04:00","GGAIZ Bot stopped scanning (after close)","",""
"1463070403886059571","GGAIZ#7546","2026-07-10T16:15:35.8050000-04:00","GGAIZ Bot has stopped","",""
"1463070403886059571","GGAIZ#7546","2026-07-13T10:38:49.6790000-04:00","GGAIZ Bot has started","",""
"1463070403886059571","GGAIZ#7546","2026-07-13T10:38:49.9530000-04:00","GGAIZ Bot started scanning — open (closes 04:15 PM ET)","",""
"1463070403886059571","GGAIZ#7546","2026-07-13T14:58:50.9370000-04:00","@GGAIZ's Alerts","",""
"1463070403886059571","GGAIZ#7546","2026-07-13T16:15:49.7870000-04:00","GGAIZ Bot stopped scanning (after close)","",""
"1463070403886059571","GGAIZ#7546","2026-07-13T16:15:50.1430000-04:00","GGAIZ Bot has stopped","",""
"1463070403886059571","GGAIZ#7546","2026-07-14T09:00:02.1300000-04:00","GGAIZ Bot has started","",""
"1463070403886059571","GGAIZ#7546","2026-07-14T09:00:02.5960000-04:00","GGAIZ Bot started scanning — open (closes 04:15 PM ET)","",""
"1463070403886059571","GGAIZ#7546","2026-07-14T09:20:02.8260000-04:00","@GGAIZ's Alerts","",""
"1463070403886059571","GGAIZ#7546","2026-07-14T09:35:03.5240000-04:00","@GGAIZ's Alerts","",""
"1463070403886059571","GGAIZ#7546","2026-07-14T10:01:06.7610000-04:00","GGAIZ Bot has started","",""
"1463070403886059571","GGAIZ#7546","2026-07-14T10:01:06.9460000-04:00","GGAIZ Bot started scanning — open (closes 04:15 PM ET)","",""
"1463070403886059571","GGAIZ#7546","2026-07-14T10:46:08.5180000-04:00","@GGAIZ's Alerts","",""
"1463070403886059571","GGAIZ#7546","2026-07-14T10:56:08.0230000-04:00","@GGAIZ's Alerts","",""
"1463070403886059571","GGAIZ#7546","2026-07-14T12:11:08.9410000-04:00","@GGAIZ's Alerts","",""
"1463070403886059571","GGAIZ#7546","2026-07-14T12:46:08.0500000-04:00","@GGAIZ's Alerts","",""
"1463070403886059571","GGAIZ#7546","2026-07-14T13:36:08.6710000-04:00","@GGAIZ's Alerts","",""
"1463070403886059571","GGAIZ#7546","2026-07-14T14:26:07.9730000-04:00","@GGAIZ's Alerts","",""
"1463070403886059571","GGAIZ#7546","2026-07-14T16:15:06.7320000-04:00","GGAIZ Bot stopped scanning (after close)","",""
"1463070403886059571","GGAIZ#7546","2026-07-14T16:15:06.9640000-04:00","GGAIZ Bot has stopped","",""
"1463070403886059571","GGAIZ#7546","2026-07-15T09:00:03.3180000-04:00","GGAIZ Bot has started","",""
"1463070403886059571","GGAIZ#7546","2026-07-15T09:00:03.6040000-04:00","GGAIZ Bot started scanning — open (closes 04:15 PM ET)","",""
"1463070403886059571","GGAIZ#7546","2026-07-15T09:25:03.3330000-04:00","@GGAIZ's Alerts Stand by — GGAIZ starts scanning at market open in 5 minutes","",""
"1463070403886059571","GGAIZ#7546","2026-07-15T09:40:06.2700000-04:00","@GGAIZ's Alerts","",""
"1463070403886059571","GGAIZ#7546","2026-07-15T10:01:10.8230000-04:00","GGAIZ Bot has started","",""
"1463070403886059571","GGAIZ#7546","2026-07-15T10:01:11.0280000-04:00","GGAIZ Bot started scanning — open (closes 04:15 PM ET)","",""
"1463070403886059571","GGAIZ#7546","2026-07-15T10:56:12.7910000-04:00","@GGAIZ's Alerts","",""
"1463070403886059571","GGAIZ#7546","2026-07-15T11:11:11.7380000-04:00","@GGAIZ's Alerts","",""
"1463070403886059571","GGAIZ#7546","2026-07-15T12:51:14.2090000-04:00","@GGAIZ's Alerts","",""
"1463070403886059571","GGAIZ#7546","2026-07-15T13:21:13.2450000-04:00","@GGAIZ's Alerts","",""
"1463070403886059571","GGAIZ#7546","2026-07-15T14:26:11.6820000-04:00","@GGAIZ's Alerts","",""
"1463070403886059571","GGAIZ#7546","2026-07-15T15:31:15.1660000-04:00","@GGAIZ's Alerts","",""
"1463070403886059571","GGAIZ#7546","2026-07-15T16:01:11.5240000-04:00","@GGAIZ's Alerts","",""
"1463070403886059571","GGAIZ#7546","2026-07-15T16:15:10.8050000-04:00","GGAIZ Bot stopped scanning (after close)","",""
"1463070403886059571","GGAIZ#7546","2026-07-15T16:15:11.0780000-04:00","GGAIZ Bot has stopped","",""
"1463070403886059571","GGAIZ#7546","2026-07-16T09:00:05.6820000-04:00","GGAIZ Bot has started","",""
"1463070403886059571","GGAIZ#7546","2026-07-16T09:00:05.9500000-04:00","GGAIZ Bot started scanning — open (closes 04:15 PM ET)","",""
"1463070403886059571","GGAIZ#7546","2026-07-16T09:25:05.5530000-04:00","@GGAIZ's Alerts Stand by — GGAIZ starts scanning at market open in 5 minutes","",""
"1463070403886059571","GGAIZ#7546","2026-07-16T10:01:34.6400000-04:00","GGAIZ Bot has started","",""
"1463070403886059571","GGAIZ#7546","2026-07-16T10:01:34.8860000-04:00","GGAIZ Bot started scanning — open (closes 04:15 PM ET)","",""
"1463070403886059571","GGAIZ#7546","2026-07-16T10:16:37.8280000-04:00","@GGAIZ's Alerts","",""
"1463070403886059571","GGAIZ#7546","2026-07-16T13:31:36.9920000-04:00","@GGAIZ's Alerts","",""
"1463070403886059571","GGAIZ#7546","2026-07-16T13:31:41.7390000-04:00","@GGAIZ's Alerts","",""
"1463070403886059571","GGAIZ#7546","2026-07-16T14:51:41.9000000-04:00","@GGAIZ's Alerts","",""
"1463070403886059571","GGAIZ#7546","2026-07-16T16:15:35.0340000-04:00","GGAIZ Bot stopped scanning (after close)","",""
"1463070403886059571","GGAIZ#7546","2026-07-16T16:15:35.2810000-04:00","GGAIZ Bot has stopped","",""
"1463070403886059571","GGAIZ#7546","2026-07-17T09:00:49.1280000-04:00","GGAIZ Bot has started","",""
"1463070403886059571","GGAIZ#7546","2026-07-17T09:00:49.4370000-04:00","GGAIZ Bot started scanning — open (closes 04:15 PM ET)","",""
"1463070403886059571","GGAIZ#7546","2026-07-17T09:25:49.1070000-04:00","@GGAIZ's Alerts Stand by — GGAIZ starts scanning at market open in 5 minutes","",""
"1463070403886059571","GGAIZ#7546","2026-07-17T09:55:51.3440000-04:00","@GGAIZ's Alerts","",""
"1463070403886059571","GGAIZ#7546","2026-07-17T10:02:01.9040000-04:00","GGAIZ Bot has started","",""
"1463070403886059571","GGAIZ#7546","2026-07-17T10:02:02.1610000-04:00","GGAIZ Bot started scanning — open (closes 04:15 PM ET)","",""
"1463070403886059571","GGAIZ#7546","2026-07-17T10:42:03.8130000-04:00","@GGAIZ's Alerts","",""
"1463070403886059571","GGAIZ#7546","2026-07-17T11:57:06.6440000-04:00","@GGAIZ's Alerts","",""
"1463070403886059571","GGAIZ#7546","2026-07-17T13:17:02.9470000-04:00","@GGAIZ's Alerts","",""
"1463070403886059571","GGAIZ#7546","2026-07-17T13:32:02.9970000-04:00","@GGAIZ's Alerts","",""
"1463070403886059571","GGAIZ#7546","2026-07-17T14:52:13.7580000-04:00","@GGAIZ's Alerts","",""
"1463070403886059571","GGAIZ#7546","2026-07-20T09:00:51.5710000-04:00","GGAIZ Bot has started","",""
"1463070403886059571","GGAIZ#7546","2026-07-20T09:00:51.8950000-04:00","GGAIZ Bot started scanning — open (closes 04:15 PM ET)","",""
"1463070403886059571","GGAIZ#7546","2026-07-20T09:25:51.5300000-04:00","@GGAIZ's Alerts Stand by — GGAIZ starts scanning at market open in 5 minutes","",""
"1463070403886059571","GGAIZ#7546","2026-07-20T10:03:52.3250000-04:00","GGAIZ Bot has started","",""
"1463070403886059571","GGAIZ#7546","2026-07-20T10:03:52.6620000-04:00","GGAIZ Bot started scanning — open (closes 04:15 PM ET)","",""
"1463070403886059571","GGAIZ#7546","2026-07-20T16:15:52.5180000-04:00","GGAIZ Bot stopped scanning (after close)","",""
"1463070403886059571","GGAIZ#7546","2026-07-20T16:15:52.8630000-04:00","GGAIZ Bot has stopped","",""
"1463070403886059571","GGAIZ#7546","2026-07-21T09:00:01.3730000-04:00","GGAIZ Bot has started","",""
"1463070403886059571","GGAIZ#7546","2026-07-21T09:00:01.6580000-04:00","GGAIZ Bot started scanning — open (closes 04:15 PM ET)","",""
"1463070403886059571","GGAIZ#7546","2026-07-21T09:05:02.6430000-04:00","@GGAIZ's Alerts","",""
"1463070403886059571","GGAIZ#7546","2026-07-21T09:25:01.3310000-04:00","@GGAIZ's Alerts Stand by — GGAIZ starts scanning at market open in 5 minutes","",""
"1463070403886059571","GGAIZ#7546","2026-07-21T10:04:03.0530000-04:00","GGAIZ Bot has started","",""
"1463070403886059571","GGAIZ#7546","2026-07-21T10:04:03.3560000-04:00","GGAIZ Bot started scanning — open (closes 04:15 PM ET)","",""
"1463070403886059571","GGAIZ#7546","2026-07-21T10:19:04.7100000-04:00","@GGAIZ's Alerts","",""
"1463070403886059571","GGAIZ#7546","2026-07-21T11:24:09.1090000-04:00","@GGAIZ's Alerts","",""
"1463070403886059571","GGAIZ#7546","2026-07-21T12:24:06.2360000-04:00","@GGAIZ's Alerts","",""
"1463070403886059571","GGAIZ#7546","2026-07-21T12:49:06.3700000-04:00","@GGAIZ's Alerts","",""
"1463070403886059571","GGAIZ#7546","2026-07-21T15:39:11.1220000-04:00","@GGAIZ's Alerts","",""
"1463070403886059571","GGAIZ#7546","2026-07-21T15:44:10.1430000-04:00","@GGAIZ's Alerts","",""
"1463070403886059571","GGAIZ#7546","2026-07-21T16:15:03.1000000-04:00","GGAIZ Bot stopped scanning (after close)","",""
"1463070403886059571","GGAIZ#7546","2026-07-21T16:15:03.3200000-04:00","GGAIZ Bot has stopped","",""
"1463070403886059571","GGAIZ#7546","2026-07-22T08:55:10.1860000-04:00","@GGAIZ's Alerts Stand by — GGAIZ starts scanning at market open in 5 minutes","",""
"1463070403886059571","GGAIZ#7546","2026-07-22T09:00:10.1970000-04:00","GGAIZ Bot has started","",""
"1463070403886059571","GGAIZ#7546","2026-07-22T09:00:10.5440000-04:00","GGAIZ Bot started scanning — open (closes 04:15 PM ET)","",""
"1463070403886059571","GGAIZ#7546","2026-07-22T10:00:12.5850000-04:00","@GGAIZ's Alerts","",""
"1463070403886059571","GGAIZ#7546","2026-07-22T10:04:10.3070000-04:00","GGAIZ Bot has started","",""
"1463070403886059571","GGAIZ#7546","2026-07-22T10:04:10.4900000-04:00","GGAIZ Bot started scanning — open (closes 04:15 PM ET)","",""
"1463070403886059571","GGAIZ#7546","2026-07-22T11:34:17.5810000-04:00","@GGAIZ's Alerts","",""
"1463070403886059571","GGAIZ#7546","2026-07-22T12:54:20.6200000-04:00","@GGAIZ's Alerts","",""
"1463070403886059571","GGAIZ#7546","2026-07-22T13:33:55.4850000-04:00","GGAIZ Bot has started","",""
"1463070403886059571","GGAIZ#7546","2026-07-22T13:33:56.3900000-04:00","GGAIZ Bot started scanning — open (closes 04:15 PM ET)","",""
"1463070403886059571","GGAIZ#7546","2026-07-22T13:44:01.9270000-04:00","@GGAIZ's Alerts","",""
"1463070403886059571","GGAIZ#7546","2026-07-22T14:12:33.3750000-04:00","GGAIZ Bot has started","",""
"1463070403886059571","GGAIZ#7546","2026-07-22T14:12:33.6880000-04:00","GGAIZ Bot started scanning — open (closes 04:15 PM ET)","",""
"1463070403886059571","GGAIZ#7546","2026-07-22T14:27:38.2090000-04:00","@GGAIZ's Alerts","",""
"1463070403886059571","GGAIZ#7546","2026-07-22T14:52:37.2080000-04:00","@GGAIZ's Alerts","",""
"1463070403886059571","GGAIZ#7546","2026-07-22T15:52:36.9660000-04:00","@GGAIZ's Alerts","",""
"1463070403886059571","GGAIZ#7546","2026-07-22T16:15:33.1350000-04:00","GGAIZ Bot stopped scanning (after close)","",""
"1463070403886059571","GGAIZ#7546","2026-07-22T16:15:33.3300000-04:00","GGAIZ Bot has stopped","",""
"1463070403886059571","GGAIZ#7546","2026-07-23T08:55:16.5790000-04:00","@GGAIZ's Alerts Stand by — GGAIZ starts scanning at market open in 5 minutes","",""
"1463070403886059571","GGAIZ#7546","2026-07-23T09:00:16.6600000-04:00","GGAIZ Bot has started","",""
"1463070403886059571","GGAIZ#7546","2026-07-23T09:00:17.4880000-04:00","GGAIZ Bot started scanning — open (closes 04:15 PM ET)","",""
"1463070403886059571","GGAIZ#7546","2026-07-23T10:04:26.2180000-04:00","GGAIZ Bot has started","",""
"1463070403886059571","GGAIZ#7546","2026-07-23T10:04:26.6370000-04:00","GGAIZ Bot started scanning — open (closes 04:15 PM ET)","",""
"1463070403886059571","GGAIZ#7546","2026-07-23T10:09:27.8450000-04:00","@GGAIZ's Alerts","",""
"1463070403886059571","GGAIZ#7546","2026-07-23T10:09:31.7100000-04:00","@GGAIZ's Alerts","",""
"1463070403886059571","GGAIZ#7546","2026-07-23T11:19:27.0560000-04:00","@GGAIZ's Alerts","",""
"1463070403886059571","GGAIZ#7546","2026-07-23T11:59:26.7980000-04:00","@GGAIZ's Alerts","",""
"1463070403886059571","GGAIZ#7546","2026-07-23T12:19:31.2530000-04:00","@GGAIZ's Alerts","",""
"1463070403886059571","GGAIZ#7546","2026-07-23T13:50:29.4530000-04:00","@GGAIZ's Alerts","",""
"1463070403886059571","GGAIZ#7546","2026-07-23T15:34:31.6510000-04:00","@GGAIZ's Alerts","",""
"1463070403886059571","GGAIZ#7546","2026-07-23T15:34:41.0280000-04:00","@GGAIZ's Alerts","",""
"1463070403886059571","GGAIZ#7546","2026-07-23T16:15:26.0990000-04:00","GGAIZ Bot stopped scanning (after close)","",""
"1463070403886059571","GGAIZ#7546","2026-07-23T16:15:26.3550000-04:00","GGAIZ Bot has stopped","",""
"1463070403886059571","GGAIZ#7546","2026-07-24T08:55:33.7850000-04:00","@GGAIZ's Alerts Stand by — GGAIZ starts scanning at market open in 5 minutes","",""
"1463070403886059571","GGAIZ#7546","2026-07-24T09:00:33.8140000-04:00","GGAIZ Bot has started","",""
"1463070403886059571","GGAIZ#7546","2026-07-24T09:00:34.1960000-04:00","GGAIZ Bot started scanning — open (closes 04:15 PM ET)","",""
"1463070403886059571","GGAIZ#7546","2026-07-24T10:04:38.9170000-04:00","GGAIZ Bot has started","",""
"1463070403886059571","GGAIZ#7546","2026-07-24T10:04:41.2870000-04:00","GGAIZ Bot started scanning — open (closes 04:15 PM ET)","",""
"1463070403886059571","GGAIZ#7546","2026-07-24T11:54:45.3590000-04:00","@GGAIZ's Alerts","",""
"1463070403886059571","GGAIZ#7546","2026-07-24T11:59:41.4490000-04:00","@GGAIZ's Alerts","",""
"1463070403886059571","GGAIZ#7546","2026-07-24T12:59:44.1110000-04:00","@GGAIZ's Alerts","",""
"1463070403886059571","GGAIZ#7546","2026-07-24T13:39:42.8140000-04:00","@GGAIZ's Alerts","",""
"1463070403886059571","GGAIZ#7546","2026-07-24T13:54:43.5960000-04:00","@GGAIZ's Alerts","",""
"1463070403886059571","GGAIZ#7546","2026-07-24T16:04:43.8990000-04:00","@GGAIZ's Alerts","",""
"1463070403886059571","GGAIZ#7546","2026-07-24T16:15:39.0890000-04:00","GGAIZ Bot stopped scanning (after close)","",""
"1463070403886059571","GGAIZ#7546","2026-07-24T16:15:39.2810000-04:00","GGAIZ Bot has stopped","",""
"1463070403886059571","GGAIZ#7546","2026-07-27T08:55:26.0910000-04:00","@GGAIZ's Alerts Stand by — GGAIZ starts scanning at market open in 5 minutes","",""
"1463070403886059571","GGAIZ#7546","2026-07-27T09:00:26.1920000-04:00","GGAIZ Bot has started","",""
"1463070403886059571","GGAIZ#7546","2026-07-27T09:00:26.4840000-04:00","GGAIZ Bot started scanning — open (closes 04:15 PM ET)","",""
"1463070403886059571","GGAIZ#7546","2026-07-27T10:05:34.6760000-04:00","GGAIZ Bot has started","",""
"1463070403886059571","GGAIZ#7546","2026-07-27T10:05:34.9440000-04:00","GGAIZ Bot started scanning — open (closes 04:15 PM ET)","",""
"1463070403886059571","GGAIZ#7546","2026-07-27T16:15:35.7090000-04:00","GGAIZ Bot stopped scanning (after close)","",""
"1463070403886059571","GGAIZ#7546","2026-07-27T16:15:36.2960000-04:00","GGAIZ Bot has stopped","",""
"1463070403886059571","GGAIZ#7546","2026-07-28T08:55:44.2280000-04:00","@GGAIZ's Alerts Stand by — GGAIZ starts scanning at market open in 5 minutes","",""
"1463070403886059571","GGAIZ#7546","2026-07-28T09:00:44.2420000-04:00","GGAIZ Bot has started","",""
"1463070403886059571","GGAIZ#7546","2026-07-28T09:00:44.5060000-04:00","GGAIZ Bot started scanning — open (closes 04:15 PM ET)","",""
"1463070403886059571","GGAIZ#7546","2026-07-28T09:30:47.0750000-04:00","@GGAIZ's Alerts","",""
"1463070403886059571","GGAIZ#7546","2026-07-28T10:05:56.5850000-04:00","GGAIZ Bot has started","",""
"1463070403886059571","GGAIZ#7546","2026-07-28T10:05:56.9690000-04:00","GGAIZ Bot started scanning — open (closes 04:15 PM ET)","",""
"1463070403886059571","GGAIZ#7546","2026-07-28T11:00:58.3410000-04:00","@GGAIZ's Alerts","",""
"1463070403886059571","GGAIZ#7546","2026-07-28T11:15:57.7460000-04:00","@GGAIZ's Alerts","",""
"1463070403886059571","GGAIZ#7546","2026-07-28T11:50:59.4740000-04:00","@GGAIZ's Alerts","",""
"1463070403886059571","GGAIZ#7546","2026-07-28T12:41:04.2540000-04:00","@GGAIZ's Alerts","",""
"1463070403886059571","GGAIZ#7546","2026-07-28T13:26:00.3910000-04:00","@GGAIZ's Alerts","",""
"1463070403886059571","GGAIZ#7546","2026-07-28T15:16:02.9200000-04:00","@GGAIZ's Alerts","",""
"1463070403886059571","GGAIZ#7546","2026-07-28T15:26:00.2890000-04:00","@GGAIZ's Alerts","",""
"1463070403886059571","GGAIZ#7546","2026-07-28T16:15:56.6000000-04:00","GGAIZ Bot stopped scanning (after close)","",""
"1463070403886059571","GGAIZ#7546","2026-07-28T16:15:56.9680000-04:00","GGAIZ Bot has stopped","",""
"1463070403886059571","GGAIZ#7546","2026-07-29T08:55:57.9500000-04:00","@GGAIZ's Alerts Stand by — GGAIZ starts scanning at market open in 5 minutes","",""
"1463070403886059571","GGAIZ#7546","2026-07-29T09:00:58.0210000-04:00","GGAIZ Bot has started","",""
"1463070403886059571","GGAIZ#7546","2026-07-29T09:00:58.2570000-04:00","GGAIZ Bot started scanning — open (closes 04:15 PM ET)","",""
"1463070403886059571","GGAIZ#7546","2026-07-29T09:46:03.6050000-04:00","@GGAIZ's Alerts","",""
"1463070403886059571","GGAIZ#7546","2026-07-29T10:06:02.3070000-04:00","GGAIZ Bot has started","",""
"1463070403886059571","GGAIZ#7546","2026-07-29T10:06:02.4510000-04:00","GGAIZ Bot started scanning — open (closes 04:15 PM ET)","",""
"1463070403886059571","GGAIZ#7546","2026-07-29T11:16:17.4560000-04:00","@GGAIZ's Alerts","",""
"1463070403886059571","GGAIZ#7546","2026-07-29T13:26:11.3840000-04:00","@GGAIZ's Alerts","",""
"1463070403886059571","GGAIZ#7546","2026-07-29T14:31:16.1240000-04:00","@GGAIZ's Alerts","",""
"1463070403886059571","GGAIZ#7546","2026-07-29T15:01:19.2830000-04:00","@GGAIZ's Alerts","",""
"1463070403886059571","GGAIZ#7546","2026-07-29T16:15:02.8130000-04:00","GGAIZ Bot stopped scanning (after close)","",""
"1463070403886059571","GGAIZ#7546","2026-07-29T16:15:03.1560000-04:00","GGAIZ Bot has stopped","",""
"1463070403886059571","GGAIZ#7546","2026-07-30T08:55:13.2520000-04:00","@GGAIZ's Alerts Stand by — GGAIZ starts scanning at market open in 5 minutes","",""
"1463070403886059571","GGAIZ#7546","2026-07-30T09:00:13.2810000-04:00","GGAIZ Bot has started","",""
"1463070403886059571","GGAIZ#7546","2026-07-30T09:00:13.5740000-04:00","GGAIZ Bot started scanning — open (closes 04:15 PM ET)","",""
"1463070403886059571","GGAIZ#7546","2026-07-30T09:30:16.9770000-04:00","@GGAIZ's Alerts","",""
"1463070403886059571","GGAIZ#7546","2026-07-30T10:06:24.9630000-04:00","GGAIZ Bot has started","",""
"1463070403886059571","GGAIZ#7546","2026-07-30T10:06:25.1600000-04:00","GGAIZ Bot started scanning — open (closes 04:15 PM ET)","",""
"1463070403886059571","GGAIZ#7546","2026-07-30T10:26:25.9900000-04:00","@GGAIZ's Alerts","",""
"1463070403886059571","GGAIZ#7546","2026-07-30T11:06:27.3290000-04:00","@GGAIZ's Alerts","",""
"1463070403886059571","GGAIZ#7546","2026-07-30T13:11:31.5810000-04:00","@GGAIZ's Alerts","",""
"1463070403886059571","GGAIZ#7546","2026-07-30T16:15:25.2110000-04:00","GGAIZ Bot stopped scanning (after close)","",""
"1463070403886059571","GGAIZ#7546","2026-07-30T16:15:25.5640000-04:00","GGAIZ Bot has stopped","",""
"1463070403886059571","GGAIZ#7546","2026-07-31T08:55:34.2710000-04:00","@GGAIZ's Alerts Stand by — GGAIZ starts scanning at market open in 5 minutes","",""
"1463070403886059571","GGAIZ#7546","2026-07-31T09:00:34.2800000-04:00","GGAIZ Bot has started","",""
"1463070403886059571","GGAIZ#7546","2026-07-31T09:00:34.9310000-04:00","GGAIZ Bot started scanning — open (closes 04:15 PM ET)","",""
"1463070403886059571","GGAIZ#7546","2026-07-31T10:00:42.5510000-04:00","@GGAIZ's Alerts","",""
"1463070403886059571","GGAIZ#7546","2026-07-31T10:06:36.0280000-04:00","GGAIZ Bot has started","",""
"1463070403886059571","GGAIZ#7546","2026-07-31T10:06:36.3970000-04:00","GGAIZ Bot started scanning — open (closes 04:15 PM ET)","",""
"1463070403886059571","GGAIZ#7546","2026-07-31T10:56:42.9910000-04:00","@GGAIZ's Alerts","",""
"1463070403886059571","GGAIZ#7546","2026-07-31T11:36:43.9610000-04:00","@GGAIZ's Alerts","",""
"1463070403886059571","GGAIZ#7546","2026-07-31T11:56:41.8500000-04:00","@GGAIZ's Alerts","",""
"1463070403886059571","GGAIZ#7546","2026-07-31T12:41:43.5270000-04:00","@GGAIZ's Alerts","",""
"1463070403886059571","GGAIZ#7546","2026-07-31T12:46:41.6750000-04:00","@GGAIZ's Alerts","",""
"1463070403886059571","GGAIZ#7546","2026-07-31T13:57:53.5960000-04:00","@GGAIZ's Alerts","",""
"1463070403886059571","GGAIZ#7546","2026-07-31T15:16:48.7900000-04:00","@GGAIZ's Alerts","",""
"1463070403886059571","GGAIZ#7546","2026-07-31T15:31:42.0360000-04:00","@GGAIZ's Alerts","",""
"1463070403886059571","GGAIZ#7546","2026-07-31T16:15:36.8340000-04:00","GGAIZ Bot stopped scanning (after close)","",""
"1463070403886059571","GGAIZ#7546","2026-07-31T16:15:37.2050000-04:00","GGAIZ Bot has stopped","",""
"1463070403886059571","GGAIZ#7546","2026-08-03T08:55:55.3420000-04:00","@GGAIZ's Alerts Stand by — GGAIZ starts scanning at market open in 5 minutes","",""
"1463070403886059571","GGAIZ#7546","2026-08-03T09:00:55.3910000-04:00","GGAIZ Bot has started","",""
"1463070403886059571","GGAIZ#7546","2026-08-03T09:00:55.8240000-04:00","GGAIZ Bot started scanning — open (closes 04:15 PM ET)","",""
"1463070403886059571","GGAIZ#7546","2026-08-03T10:38:38.9890000-04:00","GGAIZ Bot has started","",""
"1463070403886059571","GGAIZ#7546","2026-08-03T10:38:39.2140000-04:00","GGAIZ Bot started scanning — open (closes 04:15 PM ET)","",""
"1463070403886059571","GGAIZ#7546","2026-08-03T11:10:55.8420000-04:00","GGAIZ Bot has started","",""
"1463070403886059571","GGAIZ#7546","2026-08-03T11:10:56.3270000-04:00","GGAIZ Bot started scanning — open (closes 04:15 PM ET)","",""
"1463070403886059571","GGAIZ#7546","2026-08-03T16:15:55.8550000-04:00","GGAIZ Bot stopped scanning (after close)","",""
"1463070403886059571","GGAIZ#7546","2026-08-03T16:15:56.3240000-04:00","GGAIZ Bot has stopped","",""
"1463070403886059571","GGAIZ#7546","2026-08-04T08:55:02.4570000-04:00","@GGAIZ's Alerts Stand by — GGAIZ starts scanning at market open in 5 minutes","",""
"1463070403886059571","GGAIZ#7546","2026-08-04T09:00:02.7300000-04:00","GGAIZ Bot has started","",""
"1463070403886059571","GGAIZ#7546","2026-08-04T09:00:05.4160000-04:00","GGAIZ Bot started scanning — open (closes 04:15 PM ET)","",""
"1463070403886059571","GGAIZ#7546","2026-08-04T10:15:05.7870000-04:00","@GGAIZ's Alerts","",""
"1463070403886059571","GGAIZ#7546","2026-08-04T11:11:08.1050000-04:00","GGAIZ Bot has started","",""
"1463070403886059571","GGAIZ#7546","2026-08-04T11:11:08.8310000-04:00","GGAIZ Bot started scanning — open (closes 04:15 PM ET)","",""
"1463070403886059571","GGAIZ#7546","2026-08-04T11:56:09.4800000-04:00","@GGAIZ's Alerts","",""
"1463070403886059571","GGAIZ#7546","2026-08-04T12:06:09.6060000-04:00","@GGAIZ's Alerts","",""
"1463070403886059571","GGAIZ#7546","2026-08-04T13:06:10.1440000-04:00","@GGAIZ's Alerts","",""
"1463070403886059571","GGAIZ#7546","2026-08-04T13:11:09.0760000-04:00","@GGAIZ's Alerts","",""
"1463070403886059571","GGAIZ#7546","2026-08-04T13:56:08.9720000-04:00","@GGAIZ's Alerts","",""
"1463070403886059571","GGAIZ#7546","2026-08-04T14:06:09.0420000-04:00","@GGAIZ's Alerts","",""
"1463070403886059571","GGAIZ#7546","2026-08-04T16:15:08.0710000-04:00","GGAIZ Bot stopped scanning (after close)","",""
"1463070403886059571","GGAIZ#7546","2026-08-04T16:15:08.2980000-04:00","GGAIZ Bot has stopped","",""
"1463070403886059571","GGAIZ#7546","2026-08-05T08:55:13.3460000-04:00","@GGAIZ's Alerts Stand by — GGAIZ starts scanning at market open in 5 minutes","",""
"1463070403886059571","GGAIZ#7546","2026-08-05T09:00:13.3560000-04:00","GGAIZ Bot has started","",""
"1463070403886059571","GGAIZ#7546","2026-08-05T09:00:13.6060000-04:00","GGAIZ Bot started scanning — open (closes 04:15 PM ET)","",""
"1463070403886059571","GGAIZ#7546","2026-08-05T10:25:15.8070000-04:00","@GGAIZ's Alerts","",""
"1463070403886059571","GGAIZ#7546","2026-08-05T12:36:20.8590000-04:00","@GGAIZ's Alerts","",""
"1463070403886059571","GGAIZ#7546","2026-08-05T14:06:20.1730000-04:00","@GGAIZ's Alerts","",""
"1463070403886059571","GGAIZ#7546","2026-08-05T14:51:21.1790000-04:00","@GGAIZ's Alerts","",""
"1463070403886059571","GGAIZ#7546","2026-08-05T15:06:21.6750000-04:00","@GGAIZ's Alerts","",""
"1463070403886059571","GGAIZ#7546","2026-08-05T16:15:19.0980000-04:00","GGAIZ Bot stopped scanning (after close)","",""
"1463070403886059571","GGAIZ#7546","2026-08-05T16:15:19.4920000-04:00","GGAIZ Bot has stopped","",""
"1463070403886059571","GGAIZ#7546","2026-08-06T08:55:19.1510000-04:00","@GGAIZ's Alerts Stand by — GGAIZ starts scanning at market open in 5 minutes","",""
"1463070403886059571","GGAIZ#7546","2026-08-06T09:00:19.2940000-04:00","GGAIZ Bot has started","",""
"1463070403886059571","GGAIZ#7546","2026-08-06T09:00:20.1390000-04:00","GGAIZ Bot started scanning — open (closes 04:15 PM ET)","",""
"1463070403886059571","GGAIZ#7546","2026-08-06T11:11:24.3870000-04:00","GGAIZ Bot has started","",""
"1463070403886059571","GGAIZ#7546","2026-08-06T11:11:24.7410000-04:00","GGAIZ Bot started scanning — open (closes 04:15 PM ET)","",""
"1463070403886059571","GGAIZ#7546","2026-08-06T11:16:26.8160000-04:00","@GGAIZ's Alerts","",""
"1463070403886059571","GGAIZ#7546","2026-08-06T12:11:25.1490000-04:00","@GGAIZ's Alerts","",""
"1463070403886059571","GGAIZ#7546","2026-08-06T12:11:28.5070000-04:00","@GGAIZ's Alerts","",""
"1463070403886059571","GGAIZ#7546","2026-08-06T13:01:25.1530000-04:00","@GGAIZ's Alerts","",""
"1463070403886059571","GGAIZ#7546","2026-08-06T13:51:25.6670000-04:00","@GGAIZ's Alerts","",""
"1463070403886059571","GGAIZ#7546","2026-08-06T14:01:25.7760000-04:00","@GGAIZ's Alerts","",""
"1463070403886059571","GGAIZ#7546","2026-08-06T16:15:24.3790000-04:00","GGAIZ Bot stopped scanning (after close)","",""
"1463070403886059571","GGAIZ#7546","2026-08-06T16:15:24.9060000-04:00","GGAIZ Bot has stopped","",""
"1463070403886059571","GGAIZ#7546","2026-08-07T08:55:24.6580000-04:00","@GGAIZ's Alerts Stand by — GGAIZ starts scanning at market open in 5 minutes","",""
"1463070403886059571","GGAIZ#7546","2026-08-07T09:00:24.6370000-04:00","GGAIZ Bot has started","",""
"1463070403886059571","GGAIZ#7546","2026-08-07T09:00:24.9150000-04:00","GGAIZ Bot started scanning — open (closes 04:15 PM ET)","",""
"1463070403886059571","GGAIZ#7546","2026-08-07T09:30:25.4920000-04:00","@GGAIZ's Alerts","",""
"1463070403886059571","GGAIZ#7546","2026-08-07T09:45:28.6620000-04:00","@GGAIZ's Alerts","",""
"1463070403886059571","GGAIZ#7546","2026-08-07T10:50:26.5180000-04:00","@GGAIZ's Alerts","",""
"1463070403886059571","GGAIZ#7546","2026-08-07T11:11:41.9850000-04:00","GGAIZ Bot has started","",""
"1463070403886059571","GGAIZ#7546","2026-08-07T11:11:42.3610000-04:00","GGAIZ Bot started scanning — open (closes 04:15 PM ET)","",""
"1463070403886059571","GGAIZ#7546","2026-08-07T11:16:44.5260000-04:00","@GGAIZ's Alerts","",""
"1463070403886059571","GGAIZ#7546","2026-08-07T11:36:40.5060000-04:00","@GGAIZ's Alerts","",""
"1463070403886059571","GGAIZ#7546","2026-08-07T13:21:42.8160000-04:00","@GGAIZ's Alerts","",""
"1463070403886059571","GGAIZ#7546","2026-08-07T15:21:41.4840000-04:00","@GGAIZ's Alerts","",""
"1463070403886059571","GGAIZ#7546","2026-08-07T16:15:39.8380000-04:00","GGAIZ Bot stopped scanning (after close)","",""
"1463070403886059571","GGAIZ#7546","2026-08-07T16:15:40.1860000-04:00","GGAIZ Bot has stopped","",""
"1463070403886059571","GGAIZ#7546","2026-08-10T08:55:53.5720000-04:00","@GGAIZ's Alerts Stand by — GGAIZ starts scanning at market open in 5 minutes","",""
"1463070403886059571","GGAIZ#7546","2026-08-10T09:00:53.5230000-04:00","GGAIZ Bot has started","",""
"1463070403886059571","GGAIZ#7546","2026-08-10T09:00:54.0830000-04:00","GGAIZ Bot started scanning — open (closes 04:15 PM ET)","",""
"1463070403886059571","GGAIZ#7546","2026-08-10T11:11:56.0270000-04:00","GGAIZ Bot has started","",""
"1463070403886059571","GGAIZ#7546","2026-08-10T11:11:56.2570000-04:00","GGAIZ Bot started scanning — open (closes 04:15 PM ET)","",""
"1463070403886059571","GGAIZ#7546","2026-08-10T16:15:55.9710000-04:00","GGAIZ Bot stopped scanning (after close)","",""
"1463070403886059571","GGAIZ#7546","2026-08-10T16:15:56.2580000-04:00","GGAIZ Bot has stopped","",""
"1463070403886059571","GGAIZ#7546","2026-08-11T08:55:31.2980000-04:00","@GGAIZ's Alerts Stand by — GGAIZ starts scanning at market open in 5 minutes","",""
"1463070403886059571","GGAIZ#7546","2026-08-11T09:00:31.1920000-04:00","GGAIZ Bot has started","",""
"1463070403886059571","GGAIZ#7546","2026-08-11T09:00:31.7370000-04:00","GGAIZ Bot started scanning — open (closes 04:15 PM ET)","",""
"1463070403886059571","GGAIZ#7546","2026-08-11T11:02:17.6310000-04:00","GGAIZ Bot has started","",""
"1463070403886059571","GGAIZ#7546","2026-08-11T11:02:17.8830000-04:00","GGAIZ Bot started scanning — open (closes 04:15 PM ET)","",""
"1463070403886059571","GGAIZ#7546","2026-08-11T11:12:11.3630000-04:00","GGAIZ Bot has started","",""
"1463070403886059571","GGAIZ#7546","2026-08-11T11:12:11.6330000-04:00","GGAIZ Bot started scanning — open (closes 04:15 PM ET)","",""
"1463070403886059571","GGAIZ#7546","2026-08-11T15:17:13.1370000-04:00","@GGAIZ's Alerts","",""
"1463070403886059571","GGAIZ#7546","2026-08-11T16:15:11.4370000-04:00","GGAIZ Bot stopped scanning (after close)","",""
"1463070403886059571","GGAIZ#7546","2026-08-11T16:15:11.7950000-04:00","GGAIZ Bot has stopped","",""
"1463070403886059571","GGAIZ#7546","2026-08-12T08:55:15.4710000-04:00","@GGAIZ's Alerts Stand by — GGAIZ starts scanning at market open in 5 minutes","",""
"1463070403886059571","GGAIZ#7546","2026-08-12T09:00:15.5100000-04:00","GGAIZ Bot has started","",""
"1463070403886059571","GGAIZ#7546","2026-08-12T09:00:15.9460000-04:00","GGAIZ Bot started scanning — open (closes 04:15 PM ET)","",""
"1463070403886059571","GGAIZ#7546","2026-08-12T11:12:27.3930000-04:00","GGAIZ Bot has started","",""
"1463070403886059571","GGAIZ#7546","2026-08-12T11:12:28.0240000-04:00","GGAIZ Bot started scanning — open (closes 04:15 PM ET)","",""
"1463070403886059571","GGAIZ#7546","2026-08-12T11:32:28.0790000-04:00","@GGAIZ's Alerts","",""
"1463070403886059571","GGAIZ#7546","2026-08-12T12:07:28.8090000-04:00","@GGAIZ's Alerts","",""
"1463070403886059571","GGAIZ#7546","2026-08-12T13:37:28.3840000-04:00","@GGAIZ's Alerts","",""
"1463070403886059571","GGAIZ#7546","2026-08-12T13:47:28.2500000-04:00","@GGAIZ's Alerts","",""
"1463070403886059571","GGAIZ#7546","2026-08-12T14:37:28.8010000-04:00","@GGAIZ's Alerts","",""
"1463070403886059571","GGAIZ#7546","2026-08-12T16:15:27.4470000-04:00","GGAIZ Bot stopped scanning (after close)","",""
"1463070403886059571","GGAIZ#7546","2026-08-12T16:15:28.4250000-04:00","GGAIZ Bot has stopped","",""
"1463070403886059571","GGAIZ#7546","2026-08-13T08:55:39.1080000-04:00","@GGAIZ's Alerts Stand by — GGAIZ starts scanning at market open in 5 minutes","",""
"1463070403886059571","GGAIZ#7546","2026-08-13T09:00:39.2190000-04:00","GGAIZ Bot has started","",""
"1463070403886059571","GGAIZ#7546","2026-08-13T09:00:39.7200000-04:00","GGAIZ Bot started scanning — open (closes 04:15 PM ET)","",""
"1463070403886059571","GGAIZ#7546","2026-08-13T11:12:50.8430000-04:00","GGAIZ Bot has started","",""
"1463070403886059571","GGAIZ#7546","2026-08-13T11:12:51.1220000-04:00","GGAIZ Bot started scanning — open (closes 04:15 PM ET)","",""
"1463070403886059571","GGAIZ#7546","2026-08-13T12:27:51.6550000-04:00","@GGAIZ's Alerts","",""
"1463070403886059571","GGAIZ#7546","2026-08-13T14:12:52.4920000-04:00","@GGAIZ's Alerts","",""
"1463070403886059571","GGAIZ#7546","2026-08-13T15:17:53.8650000-04:00","@GGAIZ's Alerts","",""
"1463070403886059571","GGAIZ#7546","2026-08-13T16:15:50.8460000-04:00","GGAIZ Bot stopped scanning (after close)","",""
"1463070403886059571","GGAIZ#7546","2026-08-13T16:15:51.0920000-04:00","GGAIZ Bot has stopped","",""
"1463070403886059571","GGAIZ#7546","2026-08-14T08:55:53.9690000-04:00","@GGAIZ's Alerts Stand by — GGAIZ starts scanning at market open in 5 minutes","",""
"1463070403886059571","GGAIZ#7546","2026-08-14T09:00:53.9500000-04:00","GGAIZ Bot has started","",""
"1463070403886059571","GGAIZ#7546","2026-08-14T09:00:54.3580000-04:00","GGAIZ Bot started scanning — open (closes 04:15 PM ET)","",""
"1463070403886059571","GGAIZ#7546","2026-08-14T11:12:56.3350000-04:00","GGAIZ Bot has started","",""
"1463070403886059571","GGAIZ#7546","2026-08-14T11:12:56.6300000-04:00","GGAIZ Bot started scanning — open (closes 04:15 PM ET)","",""
"1463070403886059571","GGAIZ#7546","2026-08-14T11:37:57.5080000-04:00","@GGAIZ's Alerts","",""
"1463070403886059571","GGAIZ#7546","2026-08-14T12:22:59.2250000-04:00","@GGAIZ's Alerts","",""
"1463070403886059571","GGAIZ#7546","2026-08-14T13:37:58.4310000-04:00","@GGAIZ's Alerts","",""
"1463070403886059571","GGAIZ#7546","2026-08-14T14:42:57.8180000-04:00","@GGAIZ's Alerts","",""
"1463070403886059571","GGAIZ#7546","2026-08-14T16:15:56.3420000-04:00","GGAIZ Bot stopped scanning (after close)","",""
"1463070403886059571","GGAIZ#7546","2026-08-14T16:15:56.5430000-04:00","GGAIZ Bot has stopped","",""
"1463070403886059571","GGAIZ#7546","2026-08-17T08:55:29.0430000-04:00","@GGAIZ's Alerts Stand by — GGAIZ starts scanning at market open in 5 minutes","",""
"1463070403886059571","GGAIZ#7546","2026-08-17T09:00:29.0390000-04:00","GGAIZ Bot has started","",""
"1463070403886059571","GGAIZ#7546","2026-08-17T09:00:29.5900000-04:00","GGAIZ Bot started scanning — open (closes 04:15 PM ET)","",""
"1463070403886059571","GGAIZ#7546","2026-08-17T10:58:40.2800000-04:00","GGAIZ Bot has started","",""
"1463070403886059571","GGAIZ#7546","2026-08-17T10:58:40.5370000-04:00","GGAIZ Bot started scanning — open (closes 04:15 PM ET)","",""
"1463070403886059571","GGAIZ#7546","2026-08-17T11:01:12.6150000-04:00","GGAIZ Bot has started","",""
"1463070403886059571","GGAIZ#7546","2026-08-17T11:01:12.8270000-04:00","GGAIZ Bot started scanning — open (closes 04:15 PM ET)","",""
"1463070403886059571","GGAIZ#7546","2026-08-17T11:02:39.6130000-04:00","GGAIZ Bot has started","",""
"1463070403886059571","GGAIZ#7546","2026-08-17T11:02:39.8560000-04:00","GGAIZ Bot started scanning — open (closes 04:15 PM ET)","",""
"1463070403886059571","GGAIZ#7546","2026-08-17T11:13:33.1110000-04:00","GGAIZ Bot has started","",""
"1463070403886059571","GGAIZ#7546","2026-08-17T11:13:33.3410000-04:00","GGAIZ Bot started scanning — open (closes 04:15 PM ET)","",""
"1463070403886059571","GGAIZ#7546","2026-08-17T15:33:33.5500000-04:00","@GGAIZ's Alerts","",""
"1463070403886059571","GGAIZ#7546","2026-08-17T16:15:32.9230000-04:00","GGAIZ Bot stopped scanning (after close)","",""
"1463070403886059571","GGAIZ#7546","2026-08-17T16:15:33.2070000-04:00","GGAIZ Bot has stopped","",""
"1463070403886059571","GGAIZ#7546","2026-08-18T08:55:47.1800000-04:00","@GGAIZ's Alerts Stand by — GGAIZ starts scanning at market open in 5 minutes","",""
"1463070403886059571","GGAIZ#7546","2026-08-18T09:00:47.0430000-04:00","GGAIZ Bot has started","",""
"1463070403886059571","GGAIZ#7546","2026-08-18T09:00:47.4740000-04:00","GGAIZ Bot started scanning — open (closes 04:15 PM ET)","",""
"1463070403886059571","GGAIZ#7546","2026-08-18T09:40:52.2570000-04:00","@GGAIZ's Alerts","",""
"1463070403886059571","GGAIZ#7546","2026-08-18T10:25:47.9190000-04:00","@GGAIZ's Alerts","",""
"1463070403886059571","GGAIZ#7546","2026-08-18T11:13:56.4290000-04:00","GGAIZ Bot has started","",""
"1463070403886059571","GGAIZ#7546","2026-08-18T11:13:56.6490000-04:00","GGAIZ Bot started scanning — open (closes 04:15 PM ET)","",""
"1463070403886059571","GGAIZ#7546","2026-08-18T13:33:57.2870000-04:00","@GGAIZ's Alerts","",""
"1463070403886059571","GGAIZ#7546","2026-08-18T15:28:57.3380000-04:00","@GGAIZ's Alerts","",""
"1463070403886059571","GGAIZ#7546","2026-08-18T16:15:56.2620000-04:00","GGAIZ Bot stopped scanning (after close)","",""
"1463070403886059571","GGAIZ#7546","2026-08-18T16:15:56.4900000-04:00","GGAIZ Bot has stopped","",""
"1463070403886059571","GGAIZ#7546","2026-08-19T08:55:55.5470000-04:00","@GGAIZ's Alerts Stand by — GGAIZ starts scanning at market open in 5 minutes","",""
"1463070403886059571","GGAIZ#7546","2026-08-19T09:00:55.5220000-04:00","GGAIZ Bot has started","",""
"1463070403886059571","GGAIZ#7546","2026-08-19T09:00:55.7130000-04:00","GGAIZ Bot started scanning — open (closes 04:15 PM ET)","",""
"1463070403886059571","GGAIZ#7546","2026-08-19T09:30:57.1360000-04:00","@GGAIZ's Alerts","",""
"1463070403886059571","GGAIZ#7546","2026-08-19T11:00:56.8750000-04:00","@GGAIZ's Alerts","",""
"1463070403886059571","GGAIZ#7546","2026-08-19T11:14:03.2510000-04:00","GGAIZ Bot has started","",""
"1463070403886059571","GGAIZ#7546","2026-08-19T11:14:03.4650000-04:00","GGAIZ Bot started scanning — open (closes 04:15 PM ET)","",""
"1463070403886059571","GGAIZ#7546","2026-08-19T11:19:03.8240000-04:00","@GGAIZ's Alerts","",""
"1463070403886059571","GGAIZ#7546","2026-08-19T11:29:04.7170000-04:00","@GGAIZ's Alerts","",""
"1463070403886059571","GGAIZ#7546","2026-08-19T12:19:06.9960000-04:00","@GGAIZ's Alerts","",""
"1463070403886059571","GGAIZ#7546","2026-08-19T13:49:06.2880000-04:00","@GGAIZ's Alerts","",""
"1463070403886059571","GGAIZ#7546","2026-08-19T16:15:03.3360000-04:00","GGAIZ Bot stopped scanning (after close)","",""
"1463070403886059571","GGAIZ#7546","2026-08-19T16:15:03.7160000-04:00","GGAIZ Bot has stopped","",""
"1463070403886059571","GGAIZ#7546","2026-08-20T08:55:11.6100000-04:00","@GGAIZ's Alerts Stand by — GGAIZ starts scanning at market open in 5 minutes","",""
"1463070403886059571","GGAIZ#7546","2026-08-20T09:00:11.7530000-04:00","GGAIZ Bot has started","",""
"1463070403886059571","GGAIZ#7546","2026-08-20T09:00:12.6220000-04:00","GGAIZ Bot started scanning — open (closes 04:15 PM ET)","",""
"1463070403886059571","GGAIZ#7546","2026-08-20T10:25:13.2510000-04:00","@GGAIZ's Alerts","",""
"1463070403886059571","GGAIZ#7546","2026-08-20T10:40:21.0410000-04:00","@GGAIZ's Alerts","",""
"1463070403886059571","GGAIZ#7546","2026-08-20T11:14:17.2250000-04:00","GGAIZ Bot has started","",""
"1463070403886059571","GGAIZ#7546","2026-08-20T11:14:17.4100000-04:00","GGAIZ Bot started scanning — open (closes 04:15 PM ET)","",""
"1463070403886059571","GGAIZ#7546","2026-08-20T16:15:17.2150000-04:00","GGAIZ Bot stopped scanning (after close)","",""
"1463070403886059571","GGAIZ#7546","2026-08-20T16:15:17.5600000-04:00","GGAIZ Bot has stopped","",""
"1463070403886059571","GGAIZ#7546","2026-08-21T08:55:26.3180000-04:00","@GGAIZ's Alerts Stand by — GGAIZ starts scanning at market open in 5 minutes","",""
"1463070403886059571","GGAIZ#7546","2026-08-21T09:00:26.3320000-04:00","GGAIZ Bot has started","",""
"1463070403886059571","GGAIZ#7546","2026-08-21T09:00:26.8490000-04:00","GGAIZ Bot started scanning — open (closes 04:15 PM ET)","",""
"1463070403886059571","GGAIZ#7546","2026-08-21T10:30:27.7450000-04:00","@GGAIZ's Alerts","",""
"1463070403886059571","GGAIZ#7546","2026-08-21T11:14:26.5190000-04:00","GGAIZ Bot has started","",""
"1463070403886059571","GGAIZ#7546","2026-08-21T11:14:26.7720000-04:00","GGAIZ Bot started scanning — open (closes 04:15 PM ET)","",""
"1463070403886059571","GGAIZ#7546","2026-08-21T15:24:27.8440000-04:00","@GGAIZ's Alerts","",""
"1463070403886059571","GGAIZ#7546","2026-08-21T15:49:27.2580000-04:00","@GGAIZ's Alerts","",""
"1463070403886059571","GGAIZ#7546","2026-08-21T16:15:26.5780000-04:00","GGAIZ Bot stopped scanning (after close)","",""
"1463070403886059571","GGAIZ#7546","2026-08-21T16:15:27.2150000-04:00","GGAIZ Bot has stopped","",""
"1463070403886059571","GGAIZ#7546","2026-08-24T08:55:09.1950000-04:00","@GGAIZ's Alerts Stand by — GGAIZ starts scanning at market open in 5 minutes","",""
"1463070403886059571","GGAIZ#7546","2026-08-24T09:00:09.1970000-04:00","GGAIZ Bot has started","",""
"1463070403886059571","GGAIZ#7546","2026-08-24T09:00:09.8460000-04:00","GGAIZ Bot started scanning — open (closes 04:15 PM ET)","",""
"1463070403886059571","GGAIZ#7546","2026-08-24T11:15:20.2480000-04:00","GGAIZ Bot has started","",""
"1463070403886059571","GGAIZ#7546","2026-08-24T11:15:20.7150000-04:00","GGAIZ Bot started scanning — open (closes 04:15 PM ET)","",""
"1463070403886059571","GGAIZ#7546","2026-08-24T16:15:20.3150000-04:00","GGAIZ Bot stopped scanning (after close)","",""
"1463070403886059571","GGAIZ#7546","2026-08-24T16:15:20.5520000-04:00","GGAIZ Bot has stopped","",""
"1463070403886059571","GGAIZ#7546","2026-08-25T08:55:24.5000000-04:00","@GGAIZ's Alerts Stand by — GGAIZ starts scanning at market open in 5 minutes","",""
"1463070403886059571","GGAIZ#7546","2026-08-25T09:00:24.4120000-04:00","GGAIZ Bot has started","",""
"1463070403886059571","GGAIZ#7546","2026-08-25T09:00:24.9420000-04:00","GGAIZ Bot started scanning — open (closes 04:15 PM ET)","",""
"1463070403886059571","GGAIZ#7546","2026-08-25T09:45:25.8290000-04:00","@GGAIZ's Alerts","",""
"1463070403886059571","GGAIZ#7546","2026-08-25T10:55:25.4870000-04:00","@GGAIZ's Alerts","",""
"1463070403886059571","GGAIZ#7546","2026-08-25T11:15:31.1430000-04:00","GGAIZ Bot has started","",""
"1463070403886059571","GGAIZ#7546","2026-08-25T11:15:31.2900000-04:00","GGAIZ Bot started scanning — open (closes 04:15 PM ET)","",""
"1463070403886059571","GGAIZ#7546","2026-08-25T12:00:38.5210000-04:00","@GGAIZ's Alerts","",""
"1463070403886059571","GGAIZ#7546","2026-08-25T13:00:37.4500000-04:00","@GGAIZ's Alerts","",""
"1463070403886059571","GGAIZ#7546","2026-08-25T14:30:31.6570000-04:00","@GGAIZ's Alerts","",""
"1463070403886059571","GGAIZ#7546","2026-08-25T16:15:30.9620000-04:00","GGAIZ Bot stopped scanning (after close)","",""
"1463070403886059571","GGAIZ#7546","2026-08-25T16:15:31.1570000-04:00","GGAIZ Bot has stopped","",""
"1463070403886059571","GGAIZ#7546","2026-08-26T08:55:36.6990000-04:00","@GGAIZ's Alerts Stand by — GGAIZ starts scanning at market open in 5 minutes","",""
"1463070403886059571","GGAIZ#7546","2026-08-26T09:00:36.7760000-04:00","GGAIZ Bot has started","",""
"1463070403886059571","GGAIZ#7546","2026-08-26T09:00:36.9830000-04:00","GGAIZ Bot started scanning — open (closes 04:15 PM ET)","",""
"1463070403886059571","GGAIZ#7546","2026-08-26T10:35:39.7540000-04:00","@GGAIZ's Alerts","",""
"1463070403886059571","GGAIZ#7546","2026-08-26T11:15:51.3910000-04:00","GGAIZ Bot has started","",""
"1463070403886059571","GGAIZ#7546","2026-08-26T11:15:51.5790000-04:00","GGAIZ Bot started scanning — open (closes 04:15 PM ET)","",""
"1463070403886059571","GGAIZ#7546","2026-08-26T11:45:52.6720000-04:00","@GGAIZ's Alerts","",""
"1463070403886059571","GGAIZ#7546","2026-08-26T12:05:52.2990000-04:00","@GGAIZ's Alerts","",""
"1463070403886059571","GGAIZ#7546","2026-08-26T12:55:52.8440000-04:00","@GGAIZ's Alerts","",""
"1463070403886059571","GGAIZ#7546","2026-08-26T13:25:51.9640000-04:00","@GGAIZ's Alerts","",""
"1463070403886059571","GGAIZ#7546","2026-08-26T14:45:52.1800000-04:00","@GGAIZ's Alerts","",""
"1463070403886059571","GGAIZ#7546","2026-08-26T15:35:52.1820000-04:00","@GGAIZ's Alerts","",""
"1463070403886059571","GGAIZ#7546","2026-08-26T16:15:51.4010000-04:00","GGAIZ Bot stopped scanning (after close)","",""
"1463070403886059571","GGAIZ#7546","2026-08-26T16:15:51.5820000-04:00","GGAIZ Bot has stopped","",""
"1463070403886059571","GGAIZ#7546","2026-08-27T08:55:55.9490000-04:00","@GGAIZ's Alerts Stand by — GGAIZ starts scanning at market open in 5 minutes","",""
"1463070403886059571","GGAIZ#7546","2026-08-27T09:00:55.9640000-04:00","GGAIZ Bot has started","",""
"1463070403886059571","GGAIZ#7546","2026-08-27T09:00:56.4900000-04:00","GGAIZ Bot started scanning — open (closes 04:15 PM ET)","",""
"1463070403886059571","GGAIZ#7546","2026-08-27T11:16:09.4700000-04:00","GGAIZ Bot has started","",""
"1463070403886059571","GGAIZ#7546","2026-08-27T11:16:09.7160000-04:00","GGAIZ Bot started scanning — open (closes 04:15 PM ET)","",""
"1463070403886059571","GGAIZ#7546","2026-08-27T12:06:11.1660000-04:00","@GGAIZ's Alerts","",""
"1463070403886059571","GGAIZ#7546","2026-08-27T12:11:10.1390000-04:00","@GGAIZ's Alerts","",""
"1463070403886059571","GGAIZ#7546","2026-08-27T15:36:11.6500000-04:00","@GGAIZ's Alerts","",""
"1463070403886059571","GGAIZ#7546","2026-08-27T15:46:11.0110000-04:00","@GGAIZ's Alerts","",""
"1463070403886059571","GGAIZ#7546","2026-08-27T16:15:09.5530000-04:00","GGAIZ Bot stopped scanning (after close)","",""
"1463070403886059571","GGAIZ#7546","2026-08-27T16:15:09.8900000-04:00","GGAIZ Bot has stopped","",""
"1463070403886059571","GGAIZ#7546","2026-08-28T08:55:11.0280000-04:00","@GGAIZ's Alerts Stand by — GGAIZ starts scanning at market open in 5 minutes","",""
"1463070403886059571","GGAIZ#7546","2026-08-28T09:00:10.9600000-04:00","GGAIZ Bot has started","",""
"1463070403886059571","GGAIZ#7546","2026-08-28T09:00:11.1790000-04:00","GGAIZ Bot started scanning — open (closes 04:15 PM ET)","",""
"1463070403886059571","GGAIZ#7546","2026-08-28T09:55:17.2000000-04:00","@GGAIZ's Alerts","",""
"1463070403886059571","GGAIZ#7546","2026-08-28T11:16:19.6530000-04:00","GGAIZ Bot has started","",""
"1463070403886059571","GGAIZ#7546","2026-08-28T11:16:19.9580000-04:00","GGAIZ Bot started scanning — open (closes 04:15 PM ET)","",""
"1463070403886059571","GGAIZ#7546","2026-08-28T11:36:22.3300000-04:00","@GGAIZ's Alerts","",""
"1463070403886059571","GGAIZ#7546","2026-08-28T12:51:22.0760000-04:00","@GGAIZ's Alerts","",""
"1463070403886059571","GGAIZ#7546","2026-08-28T13:51:21.5960000-04:00","@GGAIZ's Alerts","",""
"1463070403886059571","GGAIZ#7546","2026-08-28T15:36:21.4550000-04:00","@GGAIZ's Alerts","",""
"1463070403886059571","GGAIZ#7546","2026-08-28T16:15:20.0040000-04:00","GGAIZ Bot stopped scanning (after close)","",""
"1463070403886059571","GGAIZ#7546","2026-08-28T16:15:21.5130000-04:00","GGAIZ Bot has stopped","",""
"1463070403886059571","GGAIZ#7546","2026-08-31T08:55:02.6470000-04:00","@GGAIZ's Alerts Stand by — GGAIZ starts scanning at market open in 5 minutes","",""
"1463070403886059571","GGAIZ#7546","2026-08-31T09:00:02.6030000-04:00","GGAIZ Bot has started","",""
"1463070403886059571","GGAIZ#7546","2026-08-31T09:00:02.7930000-04:00","GGAIZ Bot started scanning — open (closes 04:15 PM ET)","",""
"1463070403886059571","GGAIZ#7546","2026-08-31T11:17:10.3230000-04:00","GGAIZ Bot has started","",""
"1463070403886059571","GGAIZ#7546","2026-08-31T11:17:10.4500000-04:00","GGAIZ Bot started scanning — open (closes 04:15 PM ET)","",""
"1463070403886059571","GGAIZ#7546","2026-08-31T16:15:10.2840000-04:00","GGAIZ Bot stopped scanning (after close)","",""
"1463070403886059571","GGAIZ#7546","2026-08-31T16:15:10.7360000-04:00","GGAIZ Bot has stopped","",""
"1463070403886059571","GGAIZ#7546","2026-09-01T08:55:09.3720000-04:00","@GGAIZ's Alerts Stand by — GGAIZ starts scanning at market open in 5 minutes","",""
"1463070403886059571","GGAIZ#7546","2026-09-01T09:00:09.2670000-04:00","GGAIZ Bot has started","",""
"1463070403886059571","GGAIZ#7546","2026-09-01T09:00:09.9440000-04:00","GGAIZ Bot started scanning — open (closes 04:15 PM ET)","",""
"1463070403886059571","GGAIZ#7546","2026-09-01T09:50:12.3950000-04:00","@GGAIZ's Alerts","",""
"1463070403886059571","GGAIZ#7546","2026-09-01T10:20:09.8480000-04:00","@GGAIZ's Alerts","",""
"1463070403886059571","GGAIZ#7546","2026-09-01T11:17:13.6340000-04:00","GGAIZ Bot has started","",""
"1463070403886059571","GGAIZ#7546","2026-09-01T11:17:13.9080000-04:00","GGAIZ Bot started scanning — open (closes 04:15 PM ET)","",""
"1463070403886059571","GGAIZ#7546","2026-09-01T11:57:14.3760000-04:00","@GGAIZ's Alerts","",""
"1463070403886059571","GGAIZ#7546","2026-09-01T11:57:17.2790000-04:00","@GGAIZ's Alerts","",""
"1463070403886059571","GGAIZ#7546","2026-09-01T13:17:15.1260000-04:00","@GGAIZ's Alerts","",""
"1463070403886059571","GGAIZ#7546","2026-09-01T13:42:14.3660000-04:00","@GGAIZ's Alerts","",""
"1463070403886059571","GGAIZ#7546","2026-09-01T15:12:14.3540000-04:00","@GGAIZ's Alerts","",""
"1463070403886059571","GGAIZ#7546","2026-09-01T16:15:13.6260000-04:00","GGAIZ Bot stopped scanning (after close)","",""
"1463070403886059571","GGAIZ#7546","2026-09-01T16:15:13.9990000-04:00","GGAIZ Bot has stopped","",""
"1463070403886059571","GGAIZ#7546","2026-09-02T08:55:21.7990000-04:00","@GGAIZ's Alerts Stand by — GGAIZ starts scanning at market open in 5 minutes","",""
"1463070403886059571","GGAIZ#7546","2026-09-02T09:00:21.8480000-04:00","GGAIZ Bot has started","",""
"1463070403886059571","GGAIZ#7546","2026-09-02T09:00:22.0480000-04:00","GGAIZ Bot started scanning — open (closes 04:15 PM ET)","",""
"1463070403886059571","GGAIZ#7546","2026-09-02T10:50:22.2490000-04:00","@GGAIZ's Alerts","",""
"1463070403886059571","GGAIZ#7546","2026-09-02T11:05:22.6290000-04:00","@GGAIZ's Alerts","",""
"1463070403886059571","GGAIZ#7546","2026-09-02T11:17:34.6240000-04:00","GGAIZ Bot has started","",""
"1463070403886059571","GGAIZ#7546","2026-09-02T11:17:35.1590000-04:00","GGAIZ Bot started scanning — open (closes 04:15 PM ET)","",""
"1463070403886059571","GGAIZ#7546","2026-09-02T12:02:35.6860000-04:00","@GGAIZ's Alerts","",""
"1463070403886059571","GGAIZ#7546","2026-09-02T13:22:36.0320000-04:00","@GGAIZ's Alerts","",""
"1463070403886059571","GGAIZ#7546","2026-09-02T13:37:35.3470000-04:00","@GGAIZ's Alerts","",""
"1463070403886059571","GGAIZ#7546","2026-09-02T15:22:35.2360000-04:00","@GGAIZ's Alerts","",""
"1463070403886059571","GGAIZ#7546","2026-09-02T15:32:35.5490000-04:00","@GGAIZ's Alerts","",""
"1463070403886059571","GGAIZ#7546","2026-09-02T16:15:34.9810000-04:00","GGAIZ Bot stopped scanning (after close)","",""
"1463070403886059571","GGAIZ#7546","2026-09-02T16:15:35.4760000-04:00","GGAIZ Bot has stopped","",""
"1463070403886059571","GGAIZ#7546","2026-09-03T08:55:44.6440000-04:00","@GGAIZ's Alerts Stand by — GGAIZ starts scanning at market open in 5 minutes","",""
"1463070403886059571","GGAIZ#7546","2026-09-03T09:00:44.7650000-04:00","GGAIZ Bot has started","",""
"1463070403886059571","GGAIZ#7546","2026-09-03T09:00:45.2380000-04:00","GGAIZ Bot started scanning — open (closes 04:15 PM ET)","",""
"1463070403886059571","GGAIZ#7546","2026-09-03T09:05:45.7680000-04:00","@GGAIZ's Alerts","",""
"1463070403886059571","GGAIZ#7546","2026-09-03T09:55:51.8430000-04:00","@GGAIZ's Alerts","",""
"1463070403886059571","GGAIZ#7546","2026-09-03T10:50:47.7790000-04:00","@GGAIZ's Alerts","",""
"1463070403886059571","GGAIZ#7546","2026-09-03T11:05:46.1250000-04:00","@GGAIZ's Alerts","",""
"1463070403886059571","GGAIZ#7546","2026-09-03T11:17:48.7740000-04:00","GGAIZ Bot has started","",""
"1463070403886059571","GGAIZ#7546","2026-09-03T11:17:49.0590000-04:00","GGAIZ Bot started scanning — open (closes 04:15 PM ET)","",""
"1463070403886059571","GGAIZ#7546","2026-09-03T12:52:50.4520000-04:00","@GGAIZ's Alerts","",""
"1463070403886059571","GGAIZ#7546","2026-09-03T16:15:48.8620000-04:00","GGAIZ Bot stopped scanning (after close)","",""
"1463070403886059571","GGAIZ#7546","2026-09-03T16:15:49.0700000-04:00","GGAIZ Bot has stopped","",""
"1463070403886059571","GGAIZ#7546","2026-09-04T08:55:32.8500000-04:00","@GGAIZ's Alerts Stand by — GGAIZ starts scanning at market open in 5 minutes","",""
"1463070403886059571","GGAIZ#7546","2026-09-04T09:00:32.8090000-04:00","GGAIZ Bot has started","",""
"1463070403886059571","GGAIZ#7546","2026-09-04T09:00:33.7190000-04:00","GGAIZ Bot started scanning — open (closes 04:15 PM ET)","",""
"1463070403886059571","GGAIZ#7546","2026-09-04T11:17:56.8070000-04:00","GGAIZ Bot has started","",""
"1463070403886059571","GGAIZ#7546","2026-09-04T11:17:57.0440000-04:00","GGAIZ Bot started scanning — open (closes 04:15 PM ET)","",""
"1463070403886059571","GGAIZ#7546","2026-09-04T11:57:58.6180000-04:00","@GGAIZ's Alerts","",""
"1463070403886059571","GGAIZ#7546","2026-09-04T13:02:58.8590000-04:00","@GGAIZ's Alerts","",""
"1463070403886059571","GGAIZ#7546","2026-09-04T13:04:58.7150000-04:00","GGAIZ Bot has started","",""
"1463070403886059571","GGAIZ#7546","2026-09-04T13:04:59.0130000-04:00","GGAIZ Bot started scanning — open (closes 04:15 PM ET)","",""
"1463070403886059571","GGAIZ#7546","2026-09-04T13:05:01.7070000-04:00","@GGAIZ's Alerts","",""
"1463070403886059571","GGAIZ#7546","2026-09-04T13:20:00.4780000-04:00","@GGAIZ's Alerts","",""
"1463070403886059571","GGAIZ#7546","2026-09-04T14:55:00.4700000-04:00","@GGAIZ's Alerts","",""
"1463070403886059571","GGAIZ#7546","2026-09-04T15:45:00.7150000-04:00","@GGAIZ's Alerts","",""
"1463070403886059571","GGAIZ#7546","2026-09-04T16:15:58.6730000-04:00","GGAIZ Bot stopped scanning (after close)","",""
"1463070403886059571","GGAIZ#7546","2026-09-04T16:15:59.0810000-04:00","GGAIZ Bot has stopped","",""
"1463070403886059571","GGAIZ#7546","2026-09-08T08:55:14.6130000-04:00","@GGAIZ's Alerts Stand by — GGAIZ starts scanning at market open in 5 minutes","",""
"1463070403886059571","GGAIZ#7546","2026-09-08T09:00:14.8040000-04:00","GGAIZ Bot has started","",""
"1463070403886059571","GGAIZ#7546","2026-09-08T09:00:15.1170000-04:00","GGAIZ Bot started scanning — open (closes 04:15 PM ET)","",""
"1463070403886059571","GGAIZ#7546","2026-09-08T16:15:14.7540000-04:00","GGAIZ Bot stopped scanning (after close)","",""
"1463070403886059571","GGAIZ#7546","2026-09-08T16:15:15.3020000-04:00","GGAIZ Bot has stopped","",""
"1463070403886059571","GGAIZ#7546","2026-09-09T08:55:11.9170000-04:00","@GGAIZ's Alerts Stand by — GGAIZ starts scanning at market open in 5 minutes","",""
"1463070403886059571","GGAIZ#7546","2026-09-09T09:00:11.5850000-04:00","GGAIZ Bot has started","",""
"1463070403886059571","GGAIZ#7546","2026-09-09T09:00:12.1600000-04:00","GGAIZ Bot started scanning — open (closes 04:15 PM ET)","",""
"1463070403886059571","GGAIZ#7546","2026-09-09T10:15:17.8480000-04:00","@GGAIZ's Alerts","",""
"1463070403886059571","GGAIZ#7546","2026-09-09T14:00:15.9290000-04:00","@GGAIZ's Alerts","",""
"1463070403886059571","GGAIZ#7546","2026-09-09T16:15:11.2900000-04:00","GGAIZ Bot stopped scanning (after close)","",""
"1463070403886059571","GGAIZ#7546","2026-09-09T16:15:12.4550000-04:00","GGAIZ Bot has stopped","",""
"1463070403886059571","GGAIZ#7546","2026-09-10T08:55:11.0870000-04:00","@GGAIZ's Alerts Stand by — GGAIZ starts scanning at market open in 5 minutes","",""
"1463070403886059571","GGAIZ#7546","2026-09-10T09:00:11.0730000-04:00","GGAIZ Bot has started","",""
"1463070403886059571","GGAIZ#7546","2026-09-10T09:00:11.4820000-04:00","GGAIZ Bot started scanning — open (closes 04:15 PM ET)","",""
"1463070403886059571","GGAIZ#7546","2026-09-10T09:30:22.4090000-04:00","@GGAIZ's Alerts","",""
"1463070403886059571","GGAIZ#7546","2026-09-10T10:25:15.4750000-04:00","@GGAIZ's Alerts","","❤️ (1)"
"1463070403886059571","GGAIZ#7546","2026-09-10T10:55:12.7920000-04:00","@GGAIZ's Alerts","",""
"1463070403886059571","GGAIZ#7546","2026-09-10T11:30:18.0220000-04:00","@GGAIZ's Alerts","",""
"1463070403886059571","GGAIZ#7546","2026-09-10T12:45:13.6050000-04:00","@GGAIZ's Alerts","",""
"1463070403886059571","GGAIZ#7546","2026-09-10T13:20:12.7150000-04:00","@GGAIZ's Alerts","",""
"1463070403886059571","GGAIZ#7546","2026-09-10T14:20:12.8550000-04:00","@GGAIZ's Alerts","",""
"1463070403886059571","GGAIZ#7546","2026-09-10T14:25:12.9700000-04:00","@GGAIZ's Alerts","",""
"1463070403886059571","GGAIZ#7546","2026-09-10T15:25:34.5200000-04:00","GGAIZ Bot has started","",""
"1463070403886059571","GGAIZ#7546","2026-09-10T15:25:34.7370000-04:00","GGAIZ Bot started scanning — open (closes 04:15 PM ET)","",""
"1463070403886059571","GGAIZ#7546","2026-09-10T16:15:34.7280000-04:00","GGAIZ Bot stopped scanning (after close)","",""
"1463070403886059571","GGAIZ#7546","2026-09-10T16:15:35.1460000-04:00","GGAIZ Bot has stopped","",""
"1463070403886059571","GGAIZ#7546","2026-09-11T08:55:16.6810000-04:00","@GGAIZ's Alerts Stand by — GGAIZ starts scanning at market open in 5 minutes","",""
"1463070403886059571","GGAIZ#7546","2026-09-11T09:00:16.5820000-04:00","GGAIZ Bot has started","",""
"1463070403886059571","GGAIZ#7546","2026-09-11T09:00:17.2050000-04:00","GGAIZ Bot started scanning — open (closes 04:15 PM ET)","",""
"1463070403886059571","GGAIZ#7546","2026-09-11T10:00:22.2550000-04:00","@GGAIZ's Alerts","",""
"1463070403886059571","GGAIZ#7546","2026-09-11T10:00:29.5720000-04:00","@GGAIZ's Alerts","",""
"1463070403886059571","GGAIZ#7546","2026-09-11T11:25:21.1120000-04:00","@GGAIZ's Alerts","",""
